age,income,loan_amount,tenure,default
31,11800000.0,29300000.0,18,0
51,9000000.0,51400000.0,24,0
26,5600000.0,13100000.0,18,0
43,8600000.0,12300000.0,12,0
31,8800000.0,37400000.0,36,0
42,9800000.0,37200000.0,24,0
31,13700000.0,33600000.0,24,0
44,3900000.0,41000000.0,36,0
26,11400000.0,27800000.0,24,0
38,10500000.0,41100000.0,36,0
41,14800000.0,70100000.0,36,0
21,5000000.0,7200000.0,18,0
32,4200000.0,20400000.0,18,1
27,11300000.0,43300000.0,48,0
36,7200000.0,76600000.0,36,0
35,4700000.0,14400000.0,12,0
46,6400000.0,8500000.0,12,0
21,3300000.0,15000000.0,36,0
35,5100000.0,16400000.0,18,0
21,7800000.0,5600000.0,24,0
33,5200000.0,17000000.0,12,0
38,3500000.0,27000000.0,36,0
33,5600000.0,8900000.0,18,0
31,9700000.0,121500000.0,36,1
25,11800000.0,40000000.0,24,0
39,4900000.0,84800000.0,60,0
21,21700000.0,59600000.0,24,0
54,15400000.0,25600000.0,48,0
40,7200000.0,34200000.0,36,0
32,5100000.0,16500000.0,12,0
21,7700000.0,15200000.0,6,0
43,10800000.0,14300000.0,12,0
22,8500000.0,33600000.0,18,0
37,5400000.0,52300000.0,36,1
32,5700000.0,17400000.0,18,0
39,6200000.0,23600000.0,36,0
33,7700000.0,3000000.0,12,0
37,9300000.0,25700000.0,24,0
26,7800000.0,43000000.0,18,0
28,9100000.0,55800000.0,24,0
44,5200000.0,13500000.0,12,0
70,6400000.0,15800000.0,24,0
37,8700000.0,20800000.0,12,0
34,7300000.0,32700000.0,18,1
28,9900000.0,21000000.0,36,0
38,6900000.0,9800000.0,24,0
38,8200000.0,15000000.0,18,0
29,5500000.0,17000000.0,36,0
37,6400000.0,24900000.0,36,0
23,5400000.0,16800000.0,24,0
40,8900000.0,49900000.0,24,0
21,7800000.0,97500000.0,36,0
45,9800000.0,20200000.0,24,0
21,6100000.0,42500000.0,48,0
30,5100000.0,80500000.0,48,1
28,15700000.0,66200000.0,24,0
43,14000000.0,57700000.0,24,0
34,6100000.0,6400000.0,12,0
38,17400000.0,214900000.0,60,1
38,8400000.0,76700000.0,36,0
42,5000000.0,7100000.0,24,0
26,8500000.0,115600000.0,48,0
43,4900000.0,32700000.0,36,1
32,10700000.0,46800000.0,36,0
48,5300000.0,33700000.0,36,0
42,6700000.0,12400000.0,24,0
36,4800000.0,25600000.0,24,0
44,9100000.0,28400000.0,36,0
41,3200000.0,3000000.0,12,0
35,3900000.0,4900000.0,18,0
30,9600000.0,65000000.0,36,0
40,5800000.0,28000000.0,18,0
35,4400000.0,22400000.0,36,0
46,6300000.0,30100000.0,48,0
46,16900000.0,75100000.0,24,0
38,5500000.0,49400000.0,60,0
59,7600000.0,64800000.0,36,1
22,9100000.0,47000000.0,24,0
40,23900000.0,55600000.0,24,0
50,12900000.0,33200000.0,24,0
40,9500000.0,9000000.0,24,0
57,10200000.0,25200000.0,24,0
44,27800000.0,13200000.0,6,0
25,8500000.0,25900000.0,24,0
31,12400000.0,31600000.0,12,0
40,8800000.0,111900000.0,60,0
23,11500000.0,6400000.0,6,0
51,5400000.0,12000000.0,18,0
33,4700000.0,6200000.0,24,0
21,8700000.0,51700000.0,24,0
41,3900000.0,12900000.0,48,0
49,7700000.0,50400000.0,24,1
50,16700000.0,42600000.0,36,0
38,9300000.0,35100000.0,36,0
38,4200000.0,18900000.0,36,1
32,6200000.0,26300000.0,24,0
43,5100000.0,10800000.0,24,0
26,8300000.0,26300000.0,36,0
56,9500000.0,23100000.0,12,0
37,4600000.0,91000000.0,60,1
38,8000000.0,28500000.0,24,0
49,4800000.0,5700000.0,12,0
56,5500000.0,58400000.0,36,0
21,4900000.0,8100000.0,24,0
32,6500000.0,50900000.0,60,0
25,9100000.0,65300000.0,36,0
41,7600000.0,19700000.0,24,0
50,2500000.0,3200000.0,6,0
36,14800000.0,30300000.0,36,0
46,10600000.0,14400000.0,18,0
38,6800000.0,16400000.0,18,0
39,6800000.0,14300000.0,12,1
53,6100000.0,8400000.0,12,0
45,9600000.0,23800000.0,18,0
45,13900000.0,50800000.0,12,0
30,3400000.0,7800000.0,12,0
54,4900000.0,55100000.0,36,0
56,7000000.0,9700000.0,24,0
38,6400000.0,4100000.0,18,0
31,12000000.0,13100000.0,24,0
35,9800000.0,19300000.0,24,0
30,6600000.0,11100000.0,24,0
50,5900000.0,7100000.0,12,0
21,4900000.0,5200000.0,36,0
38,11600000.0,83300000.0,36,0
45,8100000.0,28400000.0,24,0
21,12600000.0,73200000.0,48,0
53,8100000.0,8500000.0,6,0
38,9200000.0,22700000.0,12,0
31,4100000.0,3000000.0,24,0
21,6700000.0,37700000.0,48,0
35,6300000.0,16500000.0,36,0
52,9900000.0,74700000.0,24,0
49,13100000.0,22000000.0,24,0
34,19500000.0,244700000.0,36,1
65,3100000.0,6200000.0,24,0
42,11500000.0,36900000.0,24,0
41,13600000.0,269200000.0,48,0
31,14000000.0,22300000.0,12,0
45,11800000.0,3100000.0,6,0
24,3400000.0,45900000.0,36,1
54,8000000.0,47700000.0,36,0
45,10100000.0,28900000.0,36,0
31,7300000.0,40300000.0,36,0
21,6200000.0,26000000.0,24,0
21,14400000.0,37100000.0,18,0
57,5200000.0,5500000.0,24,0
30,5400000.0,5000000.0,24,0
28,7000000.0,16100000.0,12,0
37,11100000.0,42700000.0,18,0
38,12000000.0,141700000.0,48,0
30,4800000.0,44600000.0,36,1
45,6600000.0,9500000.0,48,0
44,15400000.0,56500000.0,24,0
55,7600000.0,3200000.0,6,0
41,6200000.0,15600000.0,36,0
36,6500000.0,33500000.0,48,0
37,2700000.0,18400000.0,48,0
37,5000000.0,12300000.0,12,0
40,6700000.0,11600000.0,18,0
55,6100000.0,8800000.0,12,0
46,2500000.0,9600000.0,24,0
30,3100000.0,18000000.0,48,0
42,2500000.0,13900000.0,36,0
44,7500000.0,7100000.0,12,0
37,21200000.0,105600000.0,36,0
67,11100000.0,40400000.0,24,0
47,2500000.0,12100000.0,24,1
48,9500000.0,158400000.0,60,1
39,9700000.0,30300000.0,24,0
34,7000000.0,17700000.0,12,0
29,26900000.0,235500000.0,36,0
43,2900000.0,12200000.0,24,0
39,9600000.0,73700000.0,36,0
36,12700000.0,25200000.0,12,0
31,2500000.0,12200000.0,18,1
37,13400000.0,53000000.0,36,0
30,6000000.0,47100000.0,36,0
30,7500000.0,6600000.0,6,0
28,17300000.0,100100000.0,36,0
48,21600000.0,116500000.0,12,0
50,5700000.0,5900000.0,6,0
32,8200000.0,38700000.0,24,0
21,17200000.0,207800000.0,48,1
55,9100000.0,28700000.0,12,0
42,6300000.0,4600000.0,6,0
46,7400000.0,8500000.0,6,0
41,4800000.0,32400000.0,36,0
41,26400000.0,184300000.0,36,0
38,20900000.0,246400000.0,36,0
52,12100000.0,27700000.0,24,0
34,15100000.0,76900000.0,36,0
42,10800000.0,78000000.0,36,0
42,5400000.0,10300000.0,12,0
61,4800000.0,18000000.0,24,0
22,8300000.0,31200000.0,12,0
31,17900000.0,150900000.0,24,0
22,5100000.0,111500000.0,60,0
54,9700000.0,33400000.0,36,0
40,7000000.0,26400000.0,18,0
43,8700000.0,40700000.0,24,1
36,13400000.0,141000000.0,48,0
43,7300000.0,45100000.0,24,0
44,7100000.0,12700000.0,6,0
24,20900000.0,180300000.0,48,0
41,9700000.0,64900000.0,24,0
24,3200000.0,55900000.0,48,1
24,3700000.0,23600000.0,36,1
24,8300000.0,20200000.0,12,0
21,4900000.0,7100000.0,24,0
45,4700000.0,8200000.0,36,0
49,4900000.0,22600000.0,48,0
21,6400000.0,33100000.0,48,0
40,5500000.0,25500000.0,36,0
21,14900000.0,31200000.0,18,0
36,8600000.0,9700000.0,12,0
29,16800000.0,58600000.0,18,0
43,6600000.0,88900000.0,60,1
61,2500000.0,4300000.0,12,0
27,5500000.0,13500000.0,36,0
22,7100000.0,52200000.0,24,0
42,13100000.0,50400000.0,12,0
40,14300000.0,69000000.0,48,0
48,6300000.0,46400000.0,36,0
52,12700000.0,43900000.0,24,0
38,10700000.0,19100000.0,24,0
53,7500000.0,23700000.0,48,0
21,5500000.0,49000000.0,36,0
29,16700000.0,24500000.0,12,0
36,6900000.0,103800000.0,48,0
36,3500000.0,20400000.0,36,0
44,12900000.0,13900000.0,36,0
40,7100000.0,29300000.0,36,0
45,14800000.0,22200000.0,12,0
43,14300000.0,35800000.0,36,0
26,16100000.0,120700000.0,24,1
44,4900000.0,3500000.0,24,0
48,10800000.0,6700000.0,12,0
33,9800000.0,34000000.0,12,1
39,4100000.0,4400000.0,36,0
41,13600000.0,130700000.0,36,0
21,6800000.0,78000000.0,60,0
50,6000000.0,4500000.0,6,0
21,9600000.0,19700000.0,18,0
61,23500000.0,81400000.0,12,0
21,5100000.0,5500000.0,12,0
42,6900000.0,17900000.0,18,0
40,6600000.0,48100000.0,36,0
46,5900000.0,19400000.0,24,0
31,19900000.0,212500000.0,36,0
49,2600000.0,5000000.0,12,0
37,11100000.0,58100000.0,36,0
35,7200000.0,23000000.0,24,0
24,22300000.0,329000000.0,48,0
36,7100000.0,21500000.0,12,0
56,6200000.0,32000000.0,24,0
37,4400000.0,3000000.0,12,0
44,7500000.0,37300000.0,36,0
37,14900000.0,29600000.0,12,0
31,11700000.0,26700000.0,24,0
34,12400000.0,113600000.0,36,0
46,10700000.0,53800000.0,48,0
37,13000000.0,92500000.0,24,1
37,3400000.0,14900000.0,24,1
29,8600000.0,80600000.0,36,0
41,6000000.0,15000000.0,24,0
47,11900000.0,51100000.0,36,0
40,10700000.0,57000000.0,36,0
29,8600000.0,17200000.0,18,0
38,5900000.0,7800000.0,12,0
47,11000000.0,28000000.0,24,0
32,3700000.0,22800000.0,48,0
69,21300000.0,139700000.0,24,0
34,5100000.0,7300000.0,6,0
36,9800000.0,18500000.0,12,0
52,9600000.0,6900000.0,24,0
40,21300000.0,38200000.0,12,0
42,9700000.0,140800000.0,48,0
33,5500000.0,36200000.0,24,0
37,3600000.0,26700000.0,36,1
58,7800000.0,24700000.0,18,0
31,35000000.0,75000000.0,12,0
45,13700000.0,59400000.0,48,0
35,9000000.0,15600000.0,18,0
39,7900000.0,14200000.0,60,0
40,8000000.0,21000000.0,12,0
33,3600000.0,3000000.0,12,0
34,8500000.0,74100000.0,24,0
41,8300000.0,3000000.0,12,0
52,5100000.0,6600000.0,12,0
26,8500000.0,48600000.0,36,1
36,6100000.0,26800000.0,48,0
23,15000000.0,27400000.0,24,0
41,8800000.0,32400000.0,18,0
36,6700000.0,19200000.0,18,0
42,7300000.0,43700000.0,48,0
35,4400000.0,39600000.0,48,1
27,5500000.0,16800000.0,12,0
50,11300000.0,31300000.0,24,0
40,8700000.0,86900000.0,60,0
27,6600000.0,41900000.0,36,0
46,3700000.0,20500000.0,36,0
33,5600000.0,21600000.0,24,0
21,9800000.0,49500000.0,24,0
31,8000000.0,3000000.0,6,0
57,15600000.0,10100000.0,6,0
54,8400000.0,29400000.0,36,0
28,6700000.0,7300000.0,36,0
38,10300000.0,105200000.0,60,1
36,9900000.0,33800000.0,18,0
44,25200000.0,84200000.0,36,0
45,2500000.0,5000000.0,36,0
36,5700000.0,27300000.0,24,0
61,4000000.0,6900000.0,36,0
38,10100000.0,52700000.0,48,0
53,15900000.0,28700000.0,12,0
21,4000000.0,26300000.0,48,1
37,9700000.0,20700000.0,24,0
27,5500000.0,6700000.0,12,0
46,13100000.0,21100000.0,18,0
39,3800000.0,5200000.0,24,0
58,18900000.0,146800000.0,36,0
38,27400000.0,63200000.0,36,0
44,9200000.0,35700000.0,36,0
25,7700000.0,26500000.0,24,0
42,6000000.0,12800000.0,12,1
37,38700000.0,36700000.0,6,0
39,3500000.0,21700000.0,36,1
45,5400000.0,31500000.0,36,0
40,6300000.0,3700000.0,6,0
26,10800000.0,21600000.0,60,0
27,4900000.0,4800000.0,12,0
50,10300000.0,28100000.0,24,0
42,10200000.0,30900000.0,60,0
21,6700000.0,6000000.0,24,0
43,9300000.0,14300000.0,18,1
29,4400000.0,79900000.0,48,1
52,3800000.0,17200000.0,36,0
31,7300000.0,78100000.0,48,0
32,11600000.0,11700000.0,12,0
35,9900000.0,21700000.0,18,0
21,13300000.0,215100000.0,60,0
34,11000000.0,37400000.0,12,1
63,10900000.0,55800000.0,24,0
37,9500000.0,22500000.0,24,0
63,14500000.0,8400000.0,6,0
43,4400000.0,10500000.0,24,0
26,4800000.0,25300000.0,18,0
29,9300000.0,49900000.0,36,0
64,8700000.0,51400000.0,24,0
47,11000000.0,73400000.0,36,0
52,11500000.0,17100000.0,6,0
52,3900000.0,3300000.0,12,0
49,6600000.0,13000000.0,24,0
28,7200000.0,60500000.0,36,0
30,7900000.0,10400000.0,12,0
22,8000000.0,47000000.0,48,0
41,4900000.0,47500000.0,48,0
54,5000000.0,58100000.0,60,0
30,4100000.0,11200000.0,12,1
47,6900000.0,3000000.0,6,0
43,9700000.0,22000000.0,18,0
54,9200000.0,33100000.0,24,0
21,10800000.0,82800000.0,36,0
35,5600000.0,8000000.0,36,0
44,4400000.0,5800000.0,12,0
36,5800000.0,10300000.0,12,0
61,13900000.0,14300000.0,6,0
51,6600000.0,98200000.0,48,1
26,7400000.0,17600000.0,12,0
37,13100000.0,26700000.0,24,0
35,10800000.0,43200000.0,18,0
42,9400000.0,77900000.0,24,0
36,8200000.0,12400000.0,6,0
43,11300000.0,51600000.0,24,0
35,6000000.0,3000000.0,12,0
31,8800000.0,23400000.0,36,0
70,3200000.0,6500000.0,12,0
24,6900000.0,5300000.0,18,0
39,8200000.0,23700000.0,18,0
45,5800000.0,14000000.0,12,0
43,3400000.0,8200000.0,12,1
21,9700000.0,10500000.0,12,0
48,15200000.0,61900000.0,24,1
51,5100000.0,19400000.0,12,0
44,13100000.0,139800000.0,24,0
33,8000000.0,54300000.0,36,0
34,7700000.0,20300000.0,18,0
40,2500000.0,10200000.0,12,1
29,4000000.0,30200000.0,60,0
39,20900000.0,88900000.0,36,0
49,8700000.0,47400000.0,36,0
42,2500000.0,3000000.0,24,0
34,20300000.0,50200000.0,12,0
30,7500000.0,57400000.0,36,0
52,9200000.0,43500000.0,24,0
30,6000000.0,61400000.0,36,0
45,2500000.0,5300000.0,36,0
38,11300000.0,114300000.0,36,0
30,17900000.0,56500000.0,12,0
51,3200000.0,11900000.0,24,0
40,7300000.0,32100000.0,24,0
46,10100000.0,10500000.0,12,0
40,6100000.0,4800000.0,12,0
33,6400000.0,19800000.0,36,0
24,15700000.0,155500000.0,36,0
33,5700000.0,22500000.0,24,1
25,23800000.0,43700000.0,18,0
38,10800000.0,23900000.0,36,0
40,6800000.0,20500000.0,24,0
21,7800000.0,50300000.0,36,0
25,7500000.0,43900000.0,36,0
47,4100000.0,34300000.0,36,1
54,2500000.0,13200000.0,60,0
42,5700000.0,4100000.0,24,0
40,7400000.0,18500000.0,24,0
35,15700000.0,24000000.0,18,0
46,4900000.0,12500000.0,12,0
54,10900000.0,51100000.0,24,0
50,11400000.0,21100000.0,12,0
49,10600000.0,15200000.0,48,0
44,9300000.0,47200000.0,48,0
41,7700000.0,23600000.0,12,0
59,9200000.0,6500000.0,6,0
34,5100000.0,27300000.0,36,1
59,9000000.0,66200000.0,36,0
36,30300000.0,23300000.0,12,0
22,8100000.0,4400000.0,18,0
35,4700000.0,21700000.0,48,0
34,5700000.0,80200000.0,36,1
49,7300000.0,16900000.0,12,0
36,5000000.0,7600000.0,6,0
21,5200000.0,18700000.0,36,0
21,5700000.0,23600000.0,24,0
70,4600000.0,12900000.0,12,0
33,7200000.0,20900000.0,12,0
21,12000000.0,55100000.0,36,0
33,6100000.0,20100000.0,24,0
22,8100000.0,50800000.0,24,0
32,5800000.0,12300000.0,12,0
45,5700000.0,13300000.0,12,0
42,6200000.0,15600000.0,36,0
54,2500000.0,5500000.0,12,0
23,4700000.0,14000000.0,24,0
38,5300000.0,20800000.0,24,0
41,9300000.0,10300000.0,6,0
34,2600000.0,19900000.0,24,0
40,9500000.0,9800000.0,12,0
53,44600000.0,80200000.0,12,0
49,17500000.0,89800000.0,18,0
42,8000000.0,46300000.0,24,1
54,8000000.0,7700000.0,6,0
36,6900000.0,40200000.0,48,0
34,10600000.0,7600000.0,24,0
29,7200000.0,14300000.0,18,0
29,12400000.0,24100000.0,12,0
32,13900000.0,54000000.0,18,1
50,4300000.0,9100000.0,36,0
30,9200000.0,87800000.0,36,0
26,8200000.0,110300000.0,60,1
33,5500000.0,9200000.0,24,0
39,6100000.0,12500000.0,48,0
47,7200000.0,8300000.0,24,0
38,11500000.0,16200000.0,12,0
21,5500000.0,11000000.0,6,1
39,13300000.0,20300000.0,24,0
32,13200000.0,25400000.0,6,0
26,4400000.0,60400000.0,48,1
51,7700000.0,59400000.0,48,0
39,8600000.0,57200000.0,24,0
37,6900000.0,55600000.0,36,0
21,22600000.0,56700000.0,18,0
29,9800000.0,23200000.0,12,0
36,24900000.0,29500000.0,6,1
47,11500000.0,44900000.0,24,0
44,13000000.0,5700000.0,12,0
55,6800000.0,16400000.0,36,0
25,7300000.0,17000000.0,24,0
42,12700000.0,61200000.0,60,0
21,8000000.0,56700000.0,24,1
21,9600000.0,12400000.0,18,0
40,11400000.0,19500000.0,12,0
39,18900000.0,54700000.0,24,0
45,6800000.0,72200000.0,36,0
34,7100000.0,64400000.0,48,1
48,7500000.0,15400000.0,12,0
41,6200000.0,12100000.0,12,0
22,5900000.0,34900000.0,24,0
51,9300000.0,20300000.0,24,0
39,12400000.0,14100000.0,24,0
62,9200000.0,30000000.0,18,0
32,5200000.0,7800000.0,12,0
34,8300000.0,62800000.0,36,1
21,8800000.0,34800000.0,36,0
27,8400000.0,10700000.0,6,1
41,2500000.0,3000000.0,12,0
48,17200000.0,50200000.0,36,0
36,7300000.0,6500000.0,6,0
46,5300000.0,40700000.0,48,0
37,7600000.0,21600000.0,24,0
31,10700000.0,36300000.0,24,0
26,6300000.0,7400000.0,6,0
55,22200000.0,34900000.0,24,0
44,6400000.0,15700000.0,36,0
25,5100000.0,29200000.0,24,0
42,4800000.0,11600000.0,24,0
33,11900000.0,38900000.0,48,0
65,18700000.0,73800000.0,36,0
29,9600000.0,52100000.0,36,0
44,5700000.0,12000000.0,12,0
37,7000000.0,31400000.0,36,1
29,10600000.0,77900000.0,36,0
29,5600000.0,39100000.0,36,0
57,8000000.0,19700000.0,24,0
21,9000000.0,19200000.0,6,1
56,8200000.0,26200000.0,36,0
34,9600000.0,66300000.0,36,0
51,7800000.0,39600000.0,24,0
44,24500000.0,61600000.0,24,0
45,9200000.0,66900000.0,36,0
42,26500000.0,38100000.0,12,0
36,5800000.0,26800000.0,24,0
21,6900000.0,51400000.0,36,1
36,11600000.0,64700000.0,24,0
31,18700000.0,39100000.0,24,0
25,2900000.0,12900000.0,60,0
37,15300000.0,111000000.0,36,0
49,9300000.0,68300000.0,24,1
50,10000000.0,40600000.0,24,0
47,6400000.0,36200000.0,36,0
53,16800000.0,21600000.0,24,0
51,21800000.0,9800000.0,12,0
40,10800000.0,17900000.0,36,0
26,19900000.0,41300000.0,24,0
24,2700000.0,3000000.0,36,0
37,6700000.0,46300000.0,60,0
48,8400000.0,56300000.0,60,0
52,18600000.0,53400000.0,36,0
43,9100000.0,109800000.0,48,1
33,6400000.0,62700000.0,48,1
29,3600000.0,21200000.0,24,0
48,6500000.0,21200000.0,18,0
27,7900000.0,26900000.0,12,0
49,4600000.0,3000000.0,12,0
40,7300000.0,9100000.0,12,0
36,4800000.0,4200000.0,6,0
30,8500000.0,10100000.0,24,0
40,2800000.0,3000000.0,6,0
57,8800000.0,17000000.0,6,0
48,4700000.0,14700000.0,36,0
37,16500000.0,43700000.0,24,0
50,2500000.0,12800000.0,36,0
30,7700000.0,67000000.0,36,0
21,17700000.0,14400000.0,12,0
35,7400000.0,64000000.0,24,0
38,27000000.0,216600000.0,48,0
50,6100000.0,17100000.0,24,0
39,7800000.0,40400000.0,24,0
58,4100000.0,6300000.0,12,0
48,4400000.0,20200000.0,18,0
21,3700000.0,5300000.0,6,1
46,22100000.0,114600000.0,24,0
38,7500000.0,74900000.0,48,0
37,3700000.0,31300000.0,24,1
47,6900000.0,87800000.0,36,0
24,5000000.0,16300000.0,24,0
32,12900000.0,15600000.0,6,0
41,11800000.0,33600000.0,12,0
27,8000000.0,17600000.0,36,0
23,5100000.0,3000000.0,6,0
28,10700000.0,56400000.0,24,0
36,8100000.0,39300000.0,24,0
35,4600000.0,17100000.0,36,0
31,4600000.0,33800000.0,24,0
32,21500000.0,215000000.0,48,0
38,5200000.0,31600000.0,48,0
53,7200000.0,3000000.0,12,0
48,3100000.0,16700000.0,36,1
21,16800000.0,108100000.0,48,0
31,5100000.0,7300000.0,18,1
21,2600000.0,8200000.0,24,1
41,10800000.0,33200000.0,36,0
36,2500000.0,7500000.0,12,1
41,42300000.0,137000000.0,24,0
27,8000000.0,12700000.0,12,0
22,10100000.0,95100000.0,24,1
50,3900000.0,21100000.0,24,0
40,17500000.0,179300000.0,24,0
21,6900000.0,65900000.0,48,1
50,6100000.0,4500000.0,12,0
58,2500000.0,6300000.0,12,0
37,5000000.0,20600000.0,36,0
54,6400000.0,10900000.0,18,0
26,8300000.0,63600000.0,24,0
34,15100000.0,135900000.0,24,0
63,5700000.0,5900000.0,24,0
40,7200000.0,52500000.0,48,0
46,17400000.0,27500000.0,12,0
40,17000000.0,36400000.0,12,0
38,10300000.0,37900000.0,24,1
26,18700000.0,265700000.0,60,1
41,11800000.0,91700000.0,24,0
63,2600000.0,26200000.0,36,0
50,9200000.0,115000000.0,48,0
38,9600000.0,36900000.0,18,0
31,8700000.0,65400000.0,36,0
67,14100000.0,234900000.0,48,1
35,9000000.0,29500000.0,36,0
48,7500000.0,40800000.0,24,0
30,4300000.0,17100000.0,24,0
41,7800000.0,16200000.0,12,0
36,23400000.0,72200000.0,12,0
49,3500000.0,24300000.0,48,0
54,6600000.0,89000000.0,48,0
29,8300000.0,27500000.0,36,0
38,9000000.0,31500000.0,24,1
38,10500000.0,66000000.0,24,0
38,5900000.0,7200000.0,36,0
40,7400000.0,60500000.0,36,0
49,6200000.0,5100000.0,18,0
34,9600000.0,56400000.0,36,0
35,5200000.0,48700000.0,60,0
28,4800000.0,9900000.0,36,0
43,5900000.0,37200000.0,24,1
47,9400000.0,11100000.0,12,0
41,12400000.0,17500000.0,24,0
43,8700000.0,66800000.0,48,0
61,6800000.0,18300000.0,12,0
36,4500000.0,5200000.0,12,0
21,7100000.0,29000000.0,12,1
45,8700000.0,13800000.0,18,0
65,7300000.0,19200000.0,18,0
35,21700000.0,182600000.0,24,0
30,3900000.0,17600000.0,24,0
68,9000000.0,20000000.0,24,0
40,14400000.0,64000000.0,18,0
26,11000000.0,23300000.0,18,0
39,14400000.0,42300000.0,24,0
41,5200000.0,29700000.0,24,0
34,6600000.0,4700000.0,6,0
43,5300000.0,3700000.0,6,0
29,10900000.0,24400000.0,12,0
47,3800000.0,13900000.0,18,0
36,6700000.0,23700000.0,24,0
27,5400000.0,8400000.0,12,0
70,3500000.0,3100000.0,6,0
61,10000000.0,17300000.0,12,0
21,14700000.0,13100000.0,18,0
21,13300000.0,51900000.0,24,0
36,14100000.0,11700000.0,24,0
44,4300000.0,55900000.0,60,1
50,13800000.0,52300000.0,24,0
50,5200000.0,3700000.0,24,0
38,22300000.0,127200000.0,36,0
34,14900000.0,91800000.0,48,0
29,11600000.0,148600000.0,36,1
60,7400000.0,28500000.0,48,0
45,2800000.0,3000000.0,12,0
32,8000000.0,24300000.0,36,0
44,14600000.0,12800000.0,12,0
37,14200000.0,24800000.0,36,0
33,7600000.0,41800000.0,48,0
45,4500000.0,6600000.0,6,0
45,4900000.0,35000000.0,36,0
37,8700000.0,4900000.0,6,0
41,3300000.0,21700000.0,18,0
50,18100000.0,98500000.0,24,0
43,6600000.0,11800000.0,12,0
56,3500000.0,10400000.0,24,0
39,7600000.0,4100000.0,18,0
26,9700000.0,20500000.0,24,0
21,5000000.0,42200000.0,24,1
36,8600000.0,18900000.0,12,0
29,16400000.0,20200000.0,36,0
28,17300000.0,35800000.0,12,0
66,18800000.0,88200000.0,36,0
41,2800000.0,5800000.0,12,0
21,7200000.0,20600000.0,48,0
44,14300000.0,225500000.0,36,0
25,9100000.0,19400000.0,12,0
21,12400000.0,20700000.0,24,0
31,6700000.0,26000000.0,36,1
33,2500000.0,7600000.0,12,0
51,4100000.0,27300000.0,36,0
59,5300000.0,13700000.0,18,0
49,12300000.0,66400000.0,24,0
43,5500000.0,8200000.0,12,0
43,10700000.0,32800000.0,12,0
52,3400000.0,14400000.0,24,0
42,6800000.0,38100000.0,36,0
63,12200000.0,8400000.0,6,0
49,22200000.0,34400000.0,18,0
30,6400000.0,9800000.0,18,0
32,3100000.0,8400000.0,18,0
64,13000000.0,37900000.0,24,0
43,3200000.0,20400000.0,36,0
38,15900000.0,20400000.0,24,0
44,9500000.0,8600000.0,18,0
48,6800000.0,7400000.0,24,0
21,14300000.0,110300000.0,36,0
21,6300000.0,18200000.0,18,0
32,3300000.0,10300000.0,60,0
34,3100000.0,7800000.0,18,0
36,15000000.0,46300000.0,60,0
24,7000000.0,7900000.0,24,0
31,12700000.0,107500000.0,36,0
47,7400000.0,20200000.0,24,0
33,15700000.0,101300000.0,48,0
45,8200000.0,4500000.0,18,0
45,4300000.0,26000000.0,36,0
22,5500000.0,33400000.0,24,0
54,6100000.0,17000000.0,18,0
57,8400000.0,53300000.0,24,0
35,17100000.0,117900000.0,24,0
25,9600000.0,42700000.0,24,0
36,8100000.0,15200000.0,36,0
42,12200000.0,13600000.0,6,0
41,9700000.0,49700000.0,24,0
39,5900000.0,10500000.0,24,0
38,6600000.0,21700000.0,24,0
31,8100000.0,34600000.0,18,0
41,10400000.0,55200000.0,24,0
33,8800000.0,54600000.0,36,0
36,8000000.0,9800000.0,6,0
48,4400000.0,8600000.0,12,1
41,8400000.0,14200000.0,24,0
56,11400000.0,85700000.0,36,0
38,17500000.0,25200000.0,48,0
43,15600000.0,68400000.0,24,0
56,12700000.0,210200000.0,60,0
28,4400000.0,8000000.0,12,1
45,8500000.0,9400000.0,24,0
44,4200000.0,50800000.0,60,0
38,6100000.0,28000000.0,24,0
46,11600000.0,37000000.0,24,0
42,3100000.0,41900000.0,60,1
36,6800000.0,62200000.0,36,0
51,6300000.0,13000000.0,36,0
47,11600000.0,109800000.0,60,0
52,6500000.0,28600000.0,36,0
21,6400000.0,6400000.0,6,0
35,2800000.0,13400000.0,36,0
47,15800000.0,30900000.0,12,0
32,6700000.0,44600000.0,36,0
38,5400000.0,20400000.0,36,0
48,4000000.0,18100000.0,24,0
45,7400000.0,40300000.0,36,0
33,11400000.0,8200000.0,24,0
41,7600000.0,8600000.0,18,0
30,9100000.0,47900000.0,18,0
32,33300000.0,174000000.0,24,0
27,18500000.0,33000000.0,24,0
26,3200000.0,6000000.0,18,0
30,4700000.0,10000000.0,12,0
41,8000000.0,5700000.0,6,0
36,17100000.0,137500000.0,60,0
45,4600000.0,12200000.0,48,0
27,4700000.0,5900000.0,12,0
28,11300000.0,17300000.0,12,0
50,11900000.0,12700000.0,12,0
26,4900000.0,32500000.0,24,1
41,4900000.0,16200000.0,18,1
38,3400000.0,6100000.0,12,0
29,7800000.0,3300000.0,6,0
37,10300000.0,25200000.0,12,0
25,7500000.0,4000000.0,18,0
41,10500000.0,5500000.0,12,0
31,3600000.0,3900000.0,36,0
37,9000000.0,29600000.0,12,0
45,7100000.0,73200000.0,36,0
27,5400000.0,14300000.0,18,1
42,14600000.0,49600000.0,12,0
32,7000000.0,66200000.0,24,0
42,9400000.0,19000000.0,12,0
45,10300000.0,79400000.0,24,1
23,7800000.0,11200000.0,48,0
46,6300000.0,22900000.0,24,0
54,7200000.0,50700000.0,36,1
44,12200000.0,93800000.0,36,0
24,3400000.0,3000000.0,12,0
47,20400000.0,81400000.0,24,0
25,14700000.0,128400000.0,36,0
24,5900000.0,63800000.0,36,1
36,5100000.0,3200000.0,12,0
40,6700000.0,12000000.0,18,0
67,15400000.0,192300000.0,48,0
36,6800000.0,40900000.0,24,0
21,7500000.0,17200000.0,24,0
23,11400000.0,23600000.0,24,0
35,17700000.0,123000000.0,36,0
52,4200000.0,5700000.0,24,0
41,12600000.0,12200000.0,6,0
48,3300000.0,25700000.0,24,1
26,4000000.0,17400000.0,36,0
52,5800000.0,3000000.0,6,0
43,8000000.0,21900000.0,18,0
22,4500000.0,21400000.0,36,1
29,8800000.0,78200000.0,48,0
24,11200000.0,25100000.0,12,0
26,25100000.0,208100000.0,36,0
51,9100000.0,141100000.0,36,0
34,12900000.0,44000000.0,12,0
29,8900000.0,44400000.0,24,0
44,2800000.0,11200000.0,24,0
55,5800000.0,26500000.0,24,0
33,14000000.0,173100000.0,36,0
35,5400000.0,30500000.0,36,0
56,8100000.0,42700000.0,24,0
38,5400000.0,31700000.0,36,0
27,16400000.0,10300000.0,12,0
52,7600000.0,5500000.0,6,0
29,19200000.0,289100000.0,60,1
55,4300000.0,6500000.0,12,0
33,5000000.0,25100000.0,24,1
60,3800000.0,10400000.0,6,1
40,5400000.0,6000000.0,36,0
50,10900000.0,65700000.0,60,0
33,11200000.0,58700000.0,24,0
41,12800000.0,145600000.0,36,0
40,8500000.0,89400000.0,48,0
54,13200000.0,7600000.0,6,0
48,3200000.0,3400000.0,12,0
50,7600000.0,5800000.0,12,0
32,14300000.0,92900000.0,24,0
46,3500000.0,8000000.0,24,0
44,15500000.0,70000000.0,18,0
51,4500000.0,21800000.0,12,1
42,19700000.0,15000000.0,12,0
32,18000000.0,36700000.0,18,0
56,6200000.0,30700000.0,18,0
40,17600000.0,33600000.0,24,0
44,13600000.0,126600000.0,48,0
65,10100000.0,58100000.0,36,0
42,7600000.0,18200000.0,36,0
21,16700000.0,110800000.0,48,0
36,5800000.0,28200000.0,36,0
23,5200000.0,68200000.0,60,0
33,6200000.0,43300000.0,24,1
38,36600000.0,33600000.0,12,0
36,7300000.0,33500000.0,12,0
38,9700000.0,24900000.0,24,0
35,13800000.0,17300000.0,6,0
29,5200000.0,10600000.0,24,0
34,8100000.0,16900000.0,12,0
36,6000000.0,15100000.0,12,0
49,4900000.0,11200000.0,24,1
56,22000000.0,51400000.0,18,0
28,4600000.0,25300000.0,24,1
45,6800000.0,6000000.0,24,0
47,6800000.0,20600000.0,36,0
46,6500000.0,14600000.0,24,0
34,7000000.0,66300000.0,24,1
54,4600000.0,7500000.0,12,0
50,11200000.0,15000000.0,12,0
21,11300000.0,51100000.0,24,0
34,23100000.0,59600000.0,12,0
24,11500000.0,9400000.0,12,0
36,2600000.0,14200000.0,18,1
42,6000000.0,19100000.0,12,1
36,4500000.0,6500000.0,6,1
25,8100000.0,11900000.0,12,0
43,4300000.0,28900000.0,36,0
45,4100000.0,9500000.0,24,0
44,4900000.0,5600000.0,24,1
41,5200000.0,25500000.0,36,0
42,3300000.0,12900000.0,36,0
43,2500000.0,8300000.0,24,1
32,13600000.0,55700000.0,12,0
41,6500000.0,12100000.0,12,1
45,3800000.0,24900000.0,24,0
37,7900000.0,9700000.0,6,0
44,7500000.0,34100000.0,36,0
33,13300000.0,75300000.0,24,1
35,11900000.0,23900000.0,36,0
58,5700000.0,10200000.0,12,0
25,8700000.0,36800000.0,36,0
28,5100000.0,31300000.0,36,0
66,7400000.0,29200000.0,18,0
48,17400000.0,42500000.0,18,0
49,4800000.0,11900000.0,18,0
33,5200000.0,43700000.0,24,0
36,14800000.0,49000000.0,12,0
45,9600000.0,5600000.0,12,0
33,17600000.0,94900000.0,36,0
23,7100000.0,79900000.0,60,0
37,9200000.0,19600000.0,36,0
36,3900000.0,22300000.0,24,1
45,4300000.0,3100000.0,24,0
28,15000000.0,32700000.0,12,0
36,6800000.0,20300000.0,12,0
33,10300000.0,70300000.0,36,0
35,4100000.0,9800000.0,12,0
45,3600000.0,13900000.0,24,0
37,16400000.0,7600000.0,6,0
28,6800000.0,29800000.0,24,0
49,28200000.0,123300000.0,24,0
49,17200000.0,29100000.0,18,0
42,7900000.0,35800000.0,36,0
38,11800000.0,13200000.0,12,0
36,8600000.0,24500000.0,24,0
57,6400000.0,3000000.0,6,0
41,12100000.0,15200000.0,12,0
25,3900000.0,41200000.0,48,0
37,11400000.0,7900000.0,6,0
50,7700000.0,35900000.0,24,0
22,27200000.0,23800000.0,6,0
34,11300000.0,51000000.0,24,0
39,8400000.0,43500000.0,36,0
50,5900000.0,64600000.0,48,1
35,4700000.0,10600000.0,36,0
54,4300000.0,19300000.0,12,1
41,17200000.0,19500000.0,12,0
56,12000000.0,174200000.0,48,1
39,4200000.0,13000000.0,24,0
54,4800000.0,39900000.0,36,1
58,13500000.0,270300000.0,60,0
21,6800000.0,20000000.0,12,0
33,12500000.0,50200000.0,48,0
48,5300000.0,7900000.0,12,0
37,14900000.0,81700000.0,48,0
39,13800000.0,72400000.0,24,0
30,7100000.0,13700000.0,24,0
43,12200000.0,87000000.0,48,0
30,19700000.0,130700000.0,60,0
50,7000000.0,25800000.0,18,0
21,19000000.0,20500000.0,36,0
49,8800000.0,33800000.0,24,0
33,16000000.0,199100000.0,36,0
28,12700000.0,67300000.0,36,0
29,9700000.0,12700000.0,12,0
45,6100000.0,3000000.0,6,0
41,4300000.0,31200000.0,24,0
40,4100000.0,16600000.0,24,0
29,8700000.0,7000000.0,18,0
32,12000000.0,34800000.0,24,0
40,7500000.0,59100000.0,36,0
44,8000000.0,18400000.0,12,0
25,4900000.0,8800000.0,60,0
47,4500000.0,37000000.0,24,0
43,5200000.0,17300000.0,24,0
38,17100000.0,95500000.0,36,0
42,16000000.0,30100000.0,24,0
41,6300000.0,9000000.0,12,0
36,14900000.0,68500000.0,36,0
45,3600000.0,17800000.0,24,0
46,2500000.0,9700000.0,18,1
28,17700000.0,48900000.0,60,0
43,18000000.0,20200000.0,6,0
54,20700000.0,135300000.0,36,0
23,9800000.0,71700000.0,36,1
36,6300000.0,58700000.0,36,1
33,12900000.0,20300000.0,12,0
30,4500000.0,8800000.0,12,0
28,12200000.0,43400000.0,24,0
37,4600000.0,19600000.0,36,0
36,9700000.0,74800000.0,36,0
57,9900000.0,28200000.0,12,1
52,4600000.0,7600000.0,12,0
49,4600000.0,15000000.0,36,0
34,13200000.0,47600000.0,24,1
31,8700000.0,67300000.0,24,1
37,5400000.0,8600000.0,12,0
51,15700000.0,53000000.0,18,0
25,12700000.0,69100000.0,36,0
24,7100000.0,24300000.0,36,0
45,6500000.0,3200000.0,12,0
30,10500000.0,117100000.0,36,0
22,3800000.0,8300000.0,48,0
41,6400000.0,12700000.0,12,0
44,10500000.0,50800000.0,36,0
48,5000000.0,3000000.0,12,0
34,11600000.0,95800000.0,48,0
43,8100000.0,27200000.0,12,0
57,2500000.0,28100000.0,36,1
23,6600000.0,51000000.0,24,1
29,18000000.0,87500000.0,48,0
34,3300000.0,3000000.0,12,0
27,5600000.0,4700000.0,12,0
47,4100000.0,5900000.0,12,0
40,6400000.0,25100000.0,36,0
30,15100000.0,26100000.0,12,0
32,6700000.0,31700000.0,36,0
21,9700000.0,94600000.0,48,0
30,15900000.0,120200000.0,48,0
33,4700000.0,3000000.0,12,0
37,7200000.0,24400000.0,36,0
61,5000000.0,4000000.0,12,0
64,11700000.0,39100000.0,18,0
43,5600000.0,16000000.0,36,0
21,9800000.0,15600000.0,24,0
25,12100000.0,115600000.0,36,1
39,5700000.0,12600000.0,12,1
37,9600000.0,15400000.0,12,0
48,7500000.0,20900000.0,36,0
54,3200000.0,59200000.0,60,1
21,9700000.0,36400000.0,36,0
50,11800000.0,12700000.0,18,0
52,10200000.0,80000000.0,36,0
41,4700000.0,32100000.0,24,0
42,35100000.0,35000000.0,6,0
21,5200000.0,11400000.0,24,1
44,17200000.0,10000000.0,12,0
44,4100000.0,19200000.0,18,1
40,6200000.0,46000000.0,24,0
32,8400000.0,47800000.0,36,0
30,16800000.0,30300000.0,60,0
45,35100000.0,56500000.0,18,0
42,3600000.0,15800000.0,18,0
40,4900000.0,66100000.0,36,0
69,7600000.0,42500000.0,36,0
45,14100000.0,9100000.0,18,0
52,10500000.0,49300000.0,24,0
66,10100000.0,23400000.0,36,0
42,12000000.0,67200000.0,24,0
36,9500000.0,13400000.0,18,0
22,9500000.0,41500000.0,48,1
30,9900000.0,144500000.0,36,1
39,8500000.0,178300000.0,60,0
35,2500000.0,3500000.0,6,0
51,15100000.0,16300000.0,12,0
36,2500000.0,17000000.0,36,0
29,14200000.0,91200000.0,60,0
35,8500000.0,14100000.0,6,0
30,34900000.0,54300000.0,24,0
43,7700000.0,14300000.0,12,0
42,7000000.0,19700000.0,12,0
29,4400000.0,28400000.0,48,0
59,12100000.0,29600000.0,6,0
22,8100000.0,70500000.0,48,0
30,7100000.0,5100000.0,12,0
51,7900000.0,38900000.0,24,0
39,12400000.0,33800000.0,48,0
64,9100000.0,46600000.0,36,0
21,3800000.0,53700000.0,48,1
27,6000000.0,52700000.0,36,0
49,3500000.0,12100000.0,18,0
21,15200000.0,28400000.0,6,0
38,6400000.0,38600000.0,24,0
36,26400000.0,139400000.0,18,0
42,22500000.0,215200000.0,60,0
55,8400000.0,9400000.0,6,0
31,4200000.0,14800000.0,12,0
42,4700000.0,11400000.0,24,0
27,10000000.0,49800000.0,36,1
38,4300000.0,44300000.0,48,1
35,19800000.0,10900000.0,12,0
35,7700000.0,11700000.0,12,0
26,13100000.0,115900000.0,48,1
44,2700000.0,7300000.0,12,0
28,4600000.0,51100000.0,48,1
44,23100000.0,40600000.0,18,0
37,7100000.0,97200000.0,36,1
56,8300000.0,11200000.0,18,0
42,7200000.0,4800000.0,12,0
40,12300000.0,31100000.0,18,0
25,6600000.0,41600000.0,24,0
38,8600000.0,16500000.0,18,0
27,7500000.0,59800000.0,48,0
38,8800000.0,25800000.0,12,0
25,5400000.0,45800000.0,48,1
44,6800000.0,7600000.0,12,0
35,15400000.0,14900000.0,12,0
52,4900000.0,46400000.0,36,0
35,11700000.0,27800000.0,24,0
36,10100000.0,15500000.0,36,0
42,5800000.0,13800000.0,36,0
39,10900000.0,83900000.0,60,0
21,10300000.0,12100000.0,12,0
38,7300000.0,20200000.0,36,0
47,6200000.0,21500000.0,24,0
49,5600000.0,10500000.0,12,0
44,11700000.0,46100000.0,12,0
49,5700000.0,6200000.0,24,1
27,26600000.0,63500000.0,18,0
43,5500000.0,45700000.0,48,0
44,6200000.0,26400000.0,18,1
47,7300000.0,14500000.0,24,0
42,6300000.0,31100000.0,36,0
31,2900000.0,15300000.0,36,0
41,6300000.0,25400000.0,24,0
33,13800000.0,18200000.0,6,0
37,4900000.0,5300000.0,6,1
48,4300000.0,20500000.0,48,0
34,12400000.0,116900000.0,36,1
31,14100000.0,26200000.0,6,0
38,9600000.0,31200000.0,48,0
60,6300000.0,25000000.0,36,0
37,22800000.0,148000000.0,36,0
26,4500000.0,19400000.0,24,0
45,7900000.0,25400000.0,24,0
32,18300000.0,235100000.0,36,1
49,10100000.0,107600000.0,48,0
43,7500000.0,9800000.0,12,0
57,13600000.0,52300000.0,24,0
21,11800000.0,21000000.0,6,0
21,9100000.0,65200000.0,36,0
35,4100000.0,3000000.0,6,0
51,5500000.0,36200000.0,24,0
27,4300000.0,23000000.0,24,1
60,7000000.0,46900000.0,48,0
51,10300000.0,29000000.0,24,0
49,20000000.0,70800000.0,12,0
54,3400000.0,3000000.0,24,0
30,2500000.0,6400000.0,18,0
27,11500000.0,38200000.0,12,0
36,10200000.0,26100000.0,12,1
62,23700000.0,274900000.0,36,0
49,9600000.0,83200000.0,36,0
58,3600000.0,8700000.0,18,0
21,12500000.0,129600000.0,36,0
42,4700000.0,4500000.0,24,0
31,2500000.0,17100000.0,24,1
46,6800000.0,15200000.0,36,0
31,6500000.0,5900000.0,24,0
49,15000000.0,38800000.0,24,0
39,9100000.0,27000000.0,36,0
34,19300000.0,36300000.0,6,0
39,6700000.0,13700000.0,18,0
25,8900000.0,13700000.0,6,0
44,7000000.0,38300000.0,36,0
41,8000000.0,8900000.0,12,0
28,12200000.0,94000000.0,24,0
39,3500000.0,5100000.0,12,0
39,7100000.0,7800000.0,36,0
45,6300000.0,10600000.0,36,0
32,25400000.0,83700000.0,36,0
46,9900000.0,57100000.0,48,0
28,6500000.0,18900000.0,18,1
38,5600000.0,26100000.0,24,0
55,4900000.0,25900000.0,18,0
39,8600000.0,12400000.0,12,0
38,3000000.0,15700000.0,36,0
43,7700000.0,26100000.0,18,0
32,11300000.0,29300000.0,12,0
40,6800000.0,10400000.0,24,0
21,3600000.0,14300000.0,48,0
40,8500000.0,14100000.0,12,0
43,8000000.0,60700000.0,24,0
42,8900000.0,68200000.0,24,1
34,16200000.0,85000000.0,36,0
29,5000000.0,23200000.0,24,1
42,13200000.0,19100000.0,24,0
21,3800000.0,39100000.0,36,1
42,13100000.0,28000000.0,24,0
34,4600000.0,15100000.0,24,1
44,6200000.0,32600000.0,36,0
46,5500000.0,8500000.0,24,0
31,6400000.0,62600000.0,60,0
46,5900000.0,27000000.0,48,0
27,15200000.0,21000000.0,12,0
43,8100000.0,47200000.0,24,0
36,9000000.0,13400000.0,24,0
35,8700000.0,70500000.0,36,0
35,5500000.0,20900000.0,12,0
37,7300000.0,51100000.0,24,0
48,12300000.0,19000000.0,12,0
42,6700000.0,37300000.0,18,1
36,10700000.0,84200000.0,36,1
51,11800000.0,54400000.0,60,1
42,18700000.0,47800000.0,18,0
46,12600000.0,49100000.0,36,0
36,6100000.0,43200000.0,24,0
47,6000000.0,5700000.0,6,0
40,9100000.0,29800000.0,24,1
34,10500000.0,34100000.0,18,0
39,6200000.0,27500000.0,36,0
22,19300000.0,25900000.0,12,0
23,3800000.0,24200000.0,48,0
38,7100000.0,40400000.0,24,0
22,9900000.0,76100000.0,36,0
50,6900000.0,11300000.0,18,0
55,8000000.0,33100000.0,24,0
21,4100000.0,10500000.0,12,0
26,14100000.0,80400000.0,36,0
28,16500000.0,209100000.0,60,1
25,3900000.0,4100000.0,12,0
36,6300000.0,39800000.0,36,0
21,8700000.0,4700000.0,6,0
35,13200000.0,21800000.0,12,0
37,8700000.0,9100000.0,6,0
32,11800000.0,32100000.0,18,0
46,3300000.0,28400000.0,36,0
43,12100000.0,62800000.0,24,0
38,4700000.0,5500000.0,6,0
33,19800000.0,143900000.0,36,0
31,9800000.0,38300000.0,60,0
37,7700000.0,3800000.0,12,0
21,13000000.0,148200000.0,36,0
37,17500000.0,10100000.0,6,0
35,10300000.0,56700000.0,48,0
22,10000000.0,36200000.0,24,0
21,7700000.0,12100000.0,6,1
42,13600000.0,174400000.0,60,1
39,8500000.0,69200000.0,36,0
27,4900000.0,25900000.0,36,1
25,18200000.0,52500000.0,18,0
34,7800000.0,18800000.0,6,0
36,6000000.0,14900000.0,24,1
59,3600000.0,38200000.0,36,0
26,13200000.0,3000000.0,6,0
44,6200000.0,21200000.0,24,0
55,12200000.0,96700000.0,48,0
44,6300000.0,10100000.0,12,0
21,7900000.0,9500000.0,6,0
40,5500000.0,3000000.0,6,0
21,5600000.0,14600000.0,24,0
43,8500000.0,13400000.0,6,1
28,13300000.0,43400000.0,24,0
41,4500000.0,19100000.0,24,0
65,2500000.0,25400000.0,48,0
54,20400000.0,33100000.0,12,0
44,9300000.0,4400000.0,12,0
47,8300000.0,21300000.0,12,0
30,2500000.0,4600000.0,12,1
36,7200000.0,24900000.0,18,0
47,14600000.0,75100000.0,60,0
35,8800000.0,10200000.0,6,0
34,6900000.0,13700000.0,24,0
36,5900000.0,31300000.0,48,1
63,5600000.0,9100000.0,6,0
39,5300000.0,8900000.0,36,0
32,22000000.0,152300000.0,36,1
37,7800000.0,68600000.0,60,0
44,2800000.0,9300000.0,24,0
30,8200000.0,65600000.0,36,0
36,10900000.0,86100000.0,24,1
23,6700000.0,31600000.0,48,1
34,10800000.0,52200000.0,36,0
31,8900000.0,6500000.0,6,0
21,7500000.0,60000000.0,48,0
43,13400000.0,81600000.0,24,0
36,5400000.0,22700000.0,24,0
41,5500000.0,33200000.0,36,0
42,14700000.0,64300000.0,36,0
35,6200000.0,31200000.0,48,0
36,9900000.0,16900000.0,18,0
45,4000000.0,48100000.0,36,0
30,9200000.0,12000000.0,12,0
42,7900000.0,18900000.0,24,0
51,4400000.0,5200000.0,6,0
29,13600000.0,71100000.0,24,0
39,8000000.0,11300000.0,12,0
45,4900000.0,46700000.0,60,0
36,11500000.0,42900000.0,12,0
69,7500000.0,36000000.0,18,0
42,3100000.0,4800000.0,24,0
37,7800000.0,20400000.0,60,0
26,14900000.0,40600000.0,60,0
42,12500000.0,95400000.0,48,0
21,12200000.0,62400000.0,36,0
37,5300000.0,17300000.0,48,0
35,3700000.0,9500000.0,24,0
49,25900000.0,219100000.0,36,0
39,6500000.0,21000000.0,36,0
46,21000000.0,78000000.0,18,0
49,5700000.0,9300000.0,12,0
44,4800000.0,39400000.0,24,0
38,20900000.0,82300000.0,24,0
58,35000000.0,9000000.0,6,0
33,5000000.0,28200000.0,24,0
56,16500000.0,29800000.0,36,0
21,17300000.0,14700000.0,18,0
52,3300000.0,19000000.0,36,0
30,5600000.0,17200000.0,18,0
38,7500000.0,72000000.0,48,0
36,10600000.0,100200000.0,60,0
22,10400000.0,82500000.0,36,0
43,28800000.0,83900000.0,24,0
59,8400000.0,77000000.0,60,0
44,24100000.0,36100000.0,48,0
41,14000000.0,66900000.0,36,0
45,5000000.0,3500000.0,12,0
27,22600000.0,106900000.0,24,0
44,9700000.0,14300000.0,12,0
21,4500000.0,6800000.0,24,0
35,23200000.0,171900000.0,48,0
46,9300000.0,38200000.0,36,0
32,10800000.0,84300000.0,36,0
40,5400000.0,46200000.0,24,0
24,7000000.0,45200000.0,24,1
49,8100000.0,58700000.0,36,0
21,7600000.0,29100000.0,36,0
47,3900000.0,5100000.0,18,0
37,6500000.0,6800000.0,24,0
40,12700000.0,111300000.0,36,0
47,7000000.0,41900000.0,36,0
28,4000000.0,8000000.0,36,0
40,3300000.0,17100000.0,24,0
48,9500000.0,113600000.0,60,0
39,14200000.0,41100000.0,18,0
47,9900000.0,32100000.0,12,0
36,31100000.0,333100000.0,24,0
53,10800000.0,124200000.0,36,0
41,5500000.0,4600000.0,6,0
45,4200000.0,14700000.0,24,1
40,6300000.0,113900000.0,48,1
53,8000000.0,27600000.0,24,0
35,6400000.0,33300000.0,24,0
31,9800000.0,15200000.0,24,0
36,7800000.0,47500000.0,60,0
49,2700000.0,9800000.0,24,0
23,17300000.0,18700000.0,36,0
21,10000000.0,119500000.0,36,0
34,12500000.0,17100000.0,36,0
53,17500000.0,105600000.0,36,0
42,25000000.0,74000000.0,12,0
47,5700000.0,6500000.0,18,0
40,29500000.0,37700000.0,6,0
56,4000000.0,23200000.0,24,0
27,10200000.0,15500000.0,24,0
56,7500000.0,17800000.0,48,0
56,5000000.0,24000000.0,24,1
43,10200000.0,27800000.0,12,0
21,6400000.0,26900000.0,36,0
33,3400000.0,74500000.0,60,1
21,6300000.0,14900000.0,36,0
49,15100000.0,72600000.0,12,0
30,3500000.0,29200000.0,48,0
40,7500000.0,43900000.0,24,0
38,10800000.0,67400000.0,36,0
41,3000000.0,18600000.0,36,0
29,4600000.0,10300000.0,24,0
37,12000000.0,6300000.0,6,0
43,13200000.0,63200000.0,24,0
29,8900000.0,65800000.0,48,0
27,4600000.0,6600000.0,48,0
38,7800000.0,11200000.0,48,0
31,13000000.0,25700000.0,24,0
22,4000000.0,3000000.0,6,0
34,10900000.0,7600000.0,6,0
45,27300000.0,254600000.0,48,0
43,13100000.0,20800000.0,18,0
39,7300000.0,20500000.0,24,0
27,7500000.0,102000000.0,36,0
35,8000000.0,85700000.0,36,0
53,4500000.0,23800000.0,24,0
52,5400000.0,25100000.0,24,0
45,11700000.0,19100000.0,12,0
56,3900000.0,15300000.0,24,0
48,3300000.0,8200000.0,24,0
44,20400000.0,55400000.0,24,0
32,3900000.0,9800000.0,36,1
35,7000000.0,5800000.0,6,1
46,5200000.0,54100000.0,36,0
31,15400000.0,16700000.0,36,0
28,7500000.0,15700000.0,36,0
35,9500000.0,34300000.0,24,0
48,10700000.0,89400000.0,36,0
38,11200000.0,33000000.0,12,1
44,6200000.0,45900000.0,48,0
21,7000000.0,22700000.0,36,0
27,9500000.0,38300000.0,18,0
36,3400000.0,15100000.0,18,1
37,2500000.0,3000000.0,12,0
57,4500000.0,4200000.0,6,0
50,7900000.0,21000000.0,12,0
56,3100000.0,3000000.0,6,0
21,9900000.0,60300000.0,24,0
45,3300000.0,30700000.0,36,0
26,5700000.0,45000000.0,36,0
37,7100000.0,12700000.0,36,0
61,13800000.0,28000000.0,24,0
47,7800000.0,22600000.0,12,0
31,3900000.0,3000000.0,6,0
40,8900000.0,9100000.0,12,0
21,2800000.0,4300000.0,12,1
48,8500000.0,27800000.0,36,0
24,3700000.0,44000000.0,48,1
33,8600000.0,63800000.0,18,1
21,11700000.0,46100000.0,36,0
50,18100000.0,68900000.0,24,0
37,2900000.0,4400000.0,24,0
33,9000000.0,9600000.0,12,0
53,25600000.0,46500000.0,6,0
42,15100000.0,42900000.0,12,0
54,6000000.0,6300000.0,12,0
54,7600000.0,11200000.0,24,0
60,14300000.0,38300000.0,36,0
32,6900000.0,45800000.0,36,0
33,5100000.0,10800000.0,12,0
25,8700000.0,48000000.0,24,0
67,11700000.0,52800000.0,48,0
37,3200000.0,15600000.0,36,1
58,10800000.0,69800000.0,24,0
65,24300000.0,20300000.0,24,0
46,4200000.0,58500000.0,48,1
21,17100000.0,120800000.0,24,0
42,5100000.0,54600000.0,36,1
24,4100000.0,8300000.0,24,0
42,13800000.0,25300000.0,18,0
24,8000000.0,37800000.0,18,0
57,11400000.0,7600000.0,6,0
44,7000000.0,35200000.0,36,1
25,16500000.0,37500000.0,36,0
35,9600000.0,15500000.0,6,0
40,8500000.0,60000000.0,36,0
46,9600000.0,3500000.0,12,0
48,8600000.0,46300000.0,18,1
25,8700000.0,4700000.0,12,0
37,13500000.0,48100000.0,24,0
63,4500000.0,10500000.0,24,0
42,6700000.0,27400000.0,24,0
58,2500000.0,3000000.0,6,1
34,7100000.0,36100000.0,24,0
34,4600000.0,48500000.0,48,1
29,7800000.0,26900000.0,24,0
35,8100000.0,14500000.0,6,0
37,16100000.0,20600000.0,12,0
29,23700000.0,11200000.0,12,0
30,15400000.0,8300000.0,18,0
34,4800000.0,25800000.0,60,0
40,15000000.0,113800000.0,36,0
36,2500000.0,4700000.0,12,0
29,14400000.0,36600000.0,24,0
58,7400000.0,13100000.0,6,1
46,4600000.0,11000000.0,24,0
21,10000000.0,40300000.0,36,0
47,4300000.0,20700000.0,24,0
32,5700000.0,14400000.0,24,0
46,8500000.0,19700000.0,18,0
62,4900000.0,3500000.0,24,0
53,10900000.0,23200000.0,24,0
22,17900000.0,57800000.0,36,0
38,5200000.0,33700000.0,24,1
42,16100000.0,108700000.0,36,0
23,16600000.0,121400000.0,24,1
41,8900000.0,22500000.0,24,0
24,3300000.0,7900000.0,36,0
34,5600000.0,20300000.0,12,1
21,2600000.0,6600000.0,36,0
25,23500000.0,500000000.0,60,0
29,5900000.0,6400000.0,36,0
44,5500000.0,25100000.0,24,0
35,14600000.0,32800000.0,36,0
52,3800000.0,8300000.0,18,0
47,7500000.0,58800000.0,36,0
31,6300000.0,32100000.0,36,0
46,8500000.0,22400000.0,24,0
50,10000000.0,10600000.0,6,0
43,13500000.0,34100000.0,36,0
32,36600000.0,14800000.0,6,0
42,14300000.0,5200000.0,12,0
21,7800000.0,140200000.0,60,0
40,11300000.0,34500000.0,24,0
34,11400000.0,30600000.0,18,0
40,29300000.0,14800000.0,12,0
27,4100000.0,8800000.0,18,0
59,7100000.0,17500000.0,18,0
54,25500000.0,71000000.0,12,0
54,3600000.0,35000000.0,36,0
37,6200000.0,22200000.0,36,0
50,11600000.0,35400000.0,36,0
22,10100000.0,30000000.0,36,0
26,5300000.0,21700000.0,36,0
60,20700000.0,112200000.0,24,1
24,7000000.0,19200000.0,12,0
21,19500000.0,59300000.0,18,0
23,4800000.0,39800000.0,36,1
42,13500000.0,64800000.0,60,0
44,12000000.0,41400000.0,24,0
54,22200000.0,69400000.0,36,0
63,14700000.0,15100000.0,6,0
46,10700000.0,34000000.0,36,0
40,8200000.0,43800000.0,36,0
43,4900000.0,7600000.0,24,0
51,4600000.0,17900000.0,24,0
28,2500000.0,12500000.0,48,0
23,16500000.0,6000000.0,12,0
64,15500000.0,19100000.0,24,0
51,13000000.0,86300000.0,36,0
37,7300000.0,3200000.0,6,0
21,5200000.0,37600000.0,36,0
37,4000000.0,48400000.0,36,1
47,2500000.0,12700000.0,36,0
21,9500000.0,45800000.0,12,0
39,3700000.0,3000000.0,12,0
25,6200000.0,16600000.0,24,0
33,14400000.0,110500000.0,36,0
32,11300000.0,15900000.0,12,0
35,5300000.0,36600000.0,60,0
41,11400000.0,42200000.0,12,0
26,7300000.0,125700000.0,60,1
32,11100000.0,35200000.0,12,1
32,5900000.0,3000000.0,12,0
21,5000000.0,12800000.0,18,0
48,21000000.0,21600000.0,12,0
46,14000000.0,82000000.0,24,0
28,7900000.0,22400000.0,12,0
47,3800000.0,46700000.0,48,0
41,6800000.0,69300000.0,60,0
21,7100000.0,39100000.0,18,1
30,5400000.0,40300000.0,60,0
36,8500000.0,64600000.0,48,0
49,16500000.0,36200000.0,18,0
30,11000000.0,71500000.0,24,1
28,2500000.0,3600000.0,48,0
21,3300000.0,15500000.0,36,0
36,6400000.0,52200000.0,24,0
26,13300000.0,10900000.0,6,0
21,2500000.0,16300000.0,36,1
29,22400000.0,8100000.0,12,0
61,4000000.0,13100000.0,36,0
25,10200000.0,14200000.0,24,0
21,3300000.0,18300000.0,36,0
44,8300000.0,29300000.0,48,0
39,7100000.0,20200000.0,48,0
46,10000000.0,7300000.0,6,0
32,2500000.0,16400000.0,36,1
24,8600000.0,20600000.0,24,0
36,2500000.0,23000000.0,36,0
32,13400000.0,41800000.0,24,1
50,2600000.0,8000000.0,18,0
42,7100000.0,77100000.0,36,0
26,12600000.0,19700000.0,24,0
54,8000000.0,14100000.0,12,1
33,6700000.0,41100000.0,24,0
40,11400000.0,36400000.0,12,0
45,27800000.0,48800000.0,12,0
29,10000000.0,20900000.0,48,0
42,7100000.0,9200000.0,6,0
44,6100000.0,15100000.0,12,0
47,7700000.0,9000000.0,12,0
34,4900000.0,30500000.0,48,0
38,7900000.0,75900000.0,48,0
35,7000000.0,37000000.0,24,1
53,6800000.0,55900000.0,36,0
30,8300000.0,39400000.0,36,0
42,5700000.0,27200000.0,36,1
33,2500000.0,12900000.0,18,0
24,8500000.0,56400000.0,24,0
26,5000000.0,6000000.0,36,0
42,6000000.0,17600000.0,18,0
26,6200000.0,15800000.0,18,0
38,7800000.0,57400000.0,36,0
44,4200000.0,10100000.0,24,1
55,9500000.0,21600000.0,12,1
53,17500000.0,92100000.0,24,0
40,4700000.0,13500000.0,18,0
40,4900000.0,3200000.0,12,0
46,5700000.0,48800000.0,36,1
35,9100000.0,35900000.0,24,0
34,5900000.0,5000000.0,6,0
35,17200000.0,51500000.0,36,0
41,6300000.0,19100000.0,36,0
29,9500000.0,3000000.0,6,0
26,15000000.0,85500000.0,48,0
40,4900000.0,3000000.0,6,0
39,6800000.0,83800000.0,48,0
38,8700000.0,46800000.0,36,1
27,4100000.0,21200000.0,24,0
48,3900000.0,15100000.0,24,0
47,2700000.0,5700000.0,18,0
31,21000000.0,16100000.0,12,0
28,8700000.0,37300000.0,36,1
39,10300000.0,18000000.0,18,0
45,8500000.0,6100000.0,24,0
31,3300000.0,3000000.0,6,0
33,4900000.0,11900000.0,12,1
28,8900000.0,40700000.0,48,0
33,7800000.0,41900000.0,18,0
43,10500000.0,27400000.0,24,0
35,6800000.0,6000000.0,18,0
29,6600000.0,11400000.0,12,0
39,5100000.0,3200000.0,6,0
53,6800000.0,28600000.0,24,0
30,8000000.0,49700000.0,36,0
42,8100000.0,37300000.0,24,0
55,14400000.0,66000000.0,60,0
34,10900000.0,11700000.0,12,0
40,16500000.0,67000000.0,48,0
51,7100000.0,9800000.0,24,0
42,4200000.0,21300000.0,60,0
21,3300000.0,13800000.0,36,0
27,6700000.0,73300000.0,60,1
35,7600000.0,35300000.0,24,0
26,12600000.0,99300000.0,36,0
31,4200000.0,3000000.0,12,0
37,7400000.0,46100000.0,24,1
34,40000000.0,131200000.0,48,0
25,3800000.0,3000000.0,12,0
40,4800000.0,39200000.0,36,0
36,15900000.0,39500000.0,24,0
44,14700000.0,27800000.0,18,0
31,10000000.0,56700000.0,36,0
39,7300000.0,92600000.0,36,0
36,5100000.0,12500000.0,48,0
33,4100000.0,7800000.0,12,0
38,11500000.0,29800000.0,36,0
47,10100000.0,40700000.0,24,0
21,3600000.0,14900000.0,24,1
35,13000000.0,18800000.0,36,0
46,5900000.0,43900000.0,24,0
44,3100000.0,7100000.0,12,0
45,7900000.0,13800000.0,24,0
52,5600000.0,52500000.0,36,1
26,6900000.0,8500000.0,6,1
56,4800000.0,3000000.0,6,0
48,18500000.0,189300000.0,36,0
33,13100000.0,36100000.0,12,0
34,13000000.0,10100000.0,6,0
44,13100000.0,24200000.0,36,0
56,11200000.0,18000000.0,24,0
24,29300000.0,193900000.0,36,0
55,6200000.0,30100000.0,48,0
41,6100000.0,28400000.0,24,0
21,6200000.0,16700000.0,18,0
27,4400000.0,16000000.0,36,0
21,8100000.0,29100000.0,60,0
40,10300000.0,56600000.0,36,0
21,6800000.0,5300000.0,18,0
40,5700000.0,56300000.0,36,1
40,13800000.0,38400000.0,12,0
34,5300000.0,40900000.0,36,0
44,9900000.0,3000000.0,6,0
21,8800000.0,68600000.0,48,0
39,3800000.0,7900000.0,36,0
37,7900000.0,12900000.0,12,0
22,8400000.0,24100000.0,18,0
47,5600000.0,39700000.0,24,0
45,8600000.0,157400000.0,48,1
33,6700000.0,7200000.0,36,0
39,10800000.0,14700000.0,6,0
40,9100000.0,41100000.0,36,0
22,7100000.0,10200000.0,6,1
29,4800000.0,18300000.0,18,0
42,7600000.0,64500000.0,24,0
35,8000000.0,33400000.0,18,0
56,5500000.0,33300000.0,36,0
37,8700000.0,76300000.0,24,0
44,8200000.0,8900000.0,12,0
65,4200000.0,15800000.0,36,0
41,7600000.0,47200000.0,36,0
69,9100000.0,109600000.0,48,0
54,8000000.0,39200000.0,24,0
40,12500000.0,150700000.0,36,0
41,3700000.0,36300000.0,36,1
53,11100000.0,76200000.0,36,1
21,12100000.0,21300000.0,24,0
28,3500000.0,13300000.0,24,1
22,23500000.0,44300000.0,36,0
34,10300000.0,78600000.0,36,0
30,8800000.0,12200000.0,24,0
50,20700000.0,187300000.0,36,0
35,7600000.0,12600000.0,12,0
45,4500000.0,16800000.0,12,1
34,12500000.0,33000000.0,24,0
43,18000000.0,192300000.0,60,1
44,9900000.0,17300000.0,24,0
26,7200000.0,10000000.0,24,0
49,16600000.0,73600000.0,24,0
41,27700000.0,54400000.0,12,0
36,9900000.0,26000000.0,24,0
28,13800000.0,53500000.0,48,0
36,5100000.0,13700000.0,12,0
54,10000000.0,3600000.0,12,0
30,6500000.0,6600000.0,12,0
34,7700000.0,42800000.0,36,0
30,9900000.0,20000000.0,12,0
33,3200000.0,11700000.0,36,1
40,4500000.0,22700000.0,12,0
49,10800000.0,22300000.0,24,0
34,10800000.0,13900000.0,36,0
41,12200000.0,29700000.0,12,0
36,2500000.0,7300000.0,36,0
30,39100000.0,141700000.0,12,0
49,3800000.0,3600000.0,12,0
28,10900000.0,11300000.0,12,0
43,6900000.0,34900000.0,36,0
23,6900000.0,33600000.0,36,0
42,4400000.0,3000000.0,18,0
35,7000000.0,37400000.0,24,0
21,12000000.0,104000000.0,48,0
23,20300000.0,31200000.0,36,0
45,4300000.0,17400000.0,36,0
46,2500000.0,8200000.0,24,0
26,22300000.0,94200000.0,36,0
34,16300000.0,57000000.0,24,0
41,12200000.0,127700000.0,36,0
49,5900000.0,3000000.0,6,0
29,11400000.0,46200000.0,24,0
30,10600000.0,52300000.0,24,0
30,10600000.0,13300000.0,24,0
52,3300000.0,28200000.0,48,0
36,4300000.0,20100000.0,36,0
43,7400000.0,38700000.0,24,1
48,4000000.0,15000000.0,24,0
35,18200000.0,61000000.0,12,0
53,2900000.0,11000000.0,36,0
40,28000000.0,57500000.0,18,0
54,7200000.0,9000000.0,12,0
26,11500000.0,40400000.0,36,0
35,10000000.0,17100000.0,18,0
21,6300000.0,25500000.0,60,0
32,7900000.0,28700000.0,24,0
37,6200000.0,14800000.0,12,0
31,3100000.0,20900000.0,60,1
46,7300000.0,34900000.0,24,0
45,7300000.0,26700000.0,18,0
42,6800000.0,55700000.0,24,0
41,17900000.0,76000000.0,18,0
26,3400000.0,33500000.0,24,0
21,8900000.0,94400000.0,36,1
21,9800000.0,167500000.0,48,0
49,5300000.0,22500000.0,18,0
45,4300000.0,30100000.0,36,0
51,11300000.0,41700000.0,24,0
40,7400000.0,20200000.0,24,0
50,24700000.0,210300000.0,36,1
31,7200000.0,7800000.0,36,0
47,6900000.0,49700000.0,36,0
48,9300000.0,44100000.0,24,0
65,2800000.0,20000000.0,36,0
22,13800000.0,187900000.0,36,1
36,5600000.0,8600000.0,12,0
45,10800000.0,67400000.0,60,0
38,9200000.0,47500000.0,24,0
44,17000000.0,63400000.0,18,1
36,3400000.0,8700000.0,24,0
25,3400000.0,9500000.0,12,0
54,8400000.0,108000000.0,60,0
57,6800000.0,12900000.0,36,0
37,5400000.0,19800000.0,24,0
46,15400000.0,110000000.0,36,0
37,7100000.0,19800000.0,24,0
39,7300000.0,14700000.0,18,0
41,20600000.0,217900000.0,48,0
36,5100000.0,5100000.0,12,0
60,4800000.0,4300000.0,18,1
31,4300000.0,3100000.0,24,0
68,7700000.0,92900000.0,48,0
39,4300000.0,9400000.0,12,1
26,14300000.0,23100000.0,6,0
47,4700000.0,21300000.0,24,0
38,22400000.0,16900000.0,18,0
32,16100000.0,74700000.0,24,0
21,7600000.0,72700000.0,36,1
33,10000000.0,20700000.0,6,0
29,11900000.0,59600000.0,36,0
40,4100000.0,6200000.0,6,0
21,10100000.0,55700000.0,24,0
21,19500000.0,218600000.0,48,0
70,6100000.0,9800000.0,36,0
45,15200000.0,8200000.0,18,0
22,4800000.0,10000000.0,18,0
49,6900000.0,30100000.0,36,0
25,12600000.0,53500000.0,36,0
52,8700000.0,42900000.0,48,0
38,10000000.0,52400000.0,24,0
45,11900000.0,60600000.0,36,0
48,5100000.0,3800000.0,24,0
62,2500000.0,15100000.0,36,0
22,5900000.0,5600000.0,24,0
70,20900000.0,51000000.0,24,0
39,10500000.0,34100000.0,36,0
45,14000000.0,27200000.0,6,0
52,5700000.0,76100000.0,48,0
36,3800000.0,25000000.0,48,0
38,4100000.0,8900000.0,18,0
32,8000000.0,3000000.0,6,0
38,5900000.0,3900000.0,6,0
41,9000000.0,13200000.0,36,0
42,5900000.0,3000000.0,6,0
46,8300000.0,33000000.0,24,0
51,7800000.0,9500000.0,12,0
27,4600000.0,13000000.0,48,0
35,9100000.0,42100000.0,24,0
40,7900000.0,36400000.0,60,0
45,4300000.0,17800000.0,24,0
42,7200000.0,78600000.0,60,0
25,2500000.0,3000000.0,18,0
45,31400000.0,22400000.0,18,0
42,5400000.0,3000000.0,12,0
26,10300000.0,11100000.0,36,0
21,15400000.0,65500000.0,12,0
31,5200000.0,53200000.0,48,0
45,4700000.0,12500000.0,24,0
38,5100000.0,25700000.0,24,0
28,8400000.0,46100000.0,24,0
38,5400000.0,32800000.0,36,0
46,10700000.0,72200000.0,36,0
31,7100000.0,49800000.0,24,1
44,13600000.0,43700000.0,36,0
65,7700000.0,11200000.0,12,0
25,4800000.0,8900000.0,12,0
38,9200000.0,3000000.0,6,0
40,12000000.0,37000000.0,36,0
28,23500000.0,172000000.0,48,0
31,5900000.0,53400000.0,48,1
42,11700000.0,54200000.0,24,0
27,2900000.0,4000000.0,36,0
50,7400000.0,51800000.0,36,0
43,8800000.0,3000000.0,6,0
46,2900000.0,9700000.0,24,0
51,9100000.0,10000000.0,12,0
32,7500000.0,40400000.0,24,1
43,2900000.0,20800000.0,36,0
41,7100000.0,6000000.0,6,0
34,9200000.0,41500000.0,36,0
37,4400000.0,18000000.0,24,0
35,13100000.0,84600000.0,24,0
42,3800000.0,8700000.0,18,0
43,11300000.0,48000000.0,36,0
36,2500000.0,3000000.0,6,0
53,19700000.0,89100000.0,36,0
24,5700000.0,14800000.0,48,0
44,10800000.0,136500000.0,36,0
26,9300000.0,91700000.0,48,0
37,7900000.0,9800000.0,36,0
33,15500000.0,12000000.0,24,0
35,6100000.0,20800000.0,36,0
27,4700000.0,38900000.0,36,0
52,9500000.0,28200000.0,24,0
70,8000000.0,18300000.0,24,0
41,3500000.0,23200000.0,36,0
48,9000000.0,85500000.0,36,0
42,6600000.0,112700000.0,48,1
49,10900000.0,88200000.0,18,0
21,6500000.0,85200000.0,60,0
27,9900000.0,10500000.0,6,0
54,10300000.0,7800000.0,6,0
47,6900000.0,8000000.0,12,0
41,6400000.0,3000000.0,6,0
46,9800000.0,28000000.0,18,0
29,30600000.0,39900000.0,6,0
32,3300000.0,8100000.0,24,0
27,21400000.0,84700000.0,24,0
21,10500000.0,63500000.0,36,0
47,7600000.0,18000000.0,18,0
41,9500000.0,88100000.0,36,0
21,6200000.0,35100000.0,18,0
31,2800000.0,14000000.0,24,0
30,9800000.0,60700000.0,36,0
29,5700000.0,16000000.0,24,0
32,7900000.0,44200000.0,36,0
45,6900000.0,64500000.0,36,0
49,5600000.0,9600000.0,12,0
44,14300000.0,64000000.0,24,0
33,8100000.0,16300000.0,24,0
21,6300000.0,15400000.0,24,0
43,2500000.0,33000000.0,36,1
21,10600000.0,38300000.0,36,0
37,2500000.0,3000000.0,18,0
35,7400000.0,14000000.0,24,0
47,5600000.0,36100000.0,36,0
32,6300000.0,13100000.0,36,0
34,5100000.0,18400000.0,24,0
28,10600000.0,127500000.0,36,1
34,13300000.0,77100000.0,36,0
52,10400000.0,32000000.0,24,0
50,14100000.0,52800000.0,12,0
32,8600000.0,114400000.0,48,1
27,10200000.0,77300000.0,48,0
45,5000000.0,10400000.0,48,0
24,4300000.0,3000000.0,12,0
25,8200000.0,49200000.0,36,0
46,10400000.0,90600000.0,36,0
28,11300000.0,28400000.0,24,0
40,6300000.0,62500000.0,24,1
33,9600000.0,65800000.0,36,0
42,13700000.0,26700000.0,24,0
35,11000000.0,65500000.0,24,0
39,9200000.0,99200000.0,60,0
34,6000000.0,14100000.0,12,0
36,11500000.0,71500000.0,60,0
60,9300000.0,55400000.0,24,0
42,7500000.0,108400000.0,48,0
26,7700000.0,16400000.0,24,0
41,5000000.0,14300000.0,24,0
24,2600000.0,8300000.0,48,0
52,5100000.0,31900000.0,36,0
40,15400000.0,22100000.0,12,0
43,8700000.0,4700000.0,18,0
43,6700000.0,36000000.0,18,0
43,8800000.0,28900000.0,36,0
38,10400000.0,38500000.0,48,0
45,4300000.0,7200000.0,18,0
37,3800000.0,5300000.0,6,0
39,10900000.0,180700000.0,48,0
45,7000000.0,11700000.0,12,0
37,7700000.0,145300000.0,60,0
45,5200000.0,15800000.0,24,0
48,2800000.0,3000000.0,12,0
28,2700000.0,12600000.0,24,1
29,14700000.0,45100000.0,18,0
42,5400000.0,6300000.0,12,0
54,12200000.0,66900000.0,18,0
35,6900000.0,47000000.0,60,0
40,13200000.0,69900000.0,24,0
44,9900000.0,15500000.0,24,0
49,6000000.0,3000000.0,12,0
44,4300000.0,9600000.0,12,0
22,23500000.0,87800000.0,18,0
26,5200000.0,7900000.0,12,0
39,5400000.0,10600000.0,24,0
43,6200000.0,26800000.0,18,0
43,8300000.0,13300000.0,12,0
21,14200000.0,8700000.0,12,0
30,11800000.0,57500000.0,24,0
46,37900000.0,212600000.0,48,0
49,7100000.0,16800000.0,24,0
35,22200000.0,216800000.0,36,1
43,9600000.0,22700000.0,12,0
26,11600000.0,71300000.0,48,0
49,6400000.0,40200000.0,18,0
25,7800000.0,16600000.0,24,0
35,2900000.0,11000000.0,24,0
47,9100000.0,56900000.0,48,0
34,9900000.0,52000000.0,36,0
43,2500000.0,3000000.0,12,0
37,6100000.0,71600000.0,48,0
38,4200000.0,3000000.0,18,0
35,18600000.0,23500000.0,12,0
25,12900000.0,74700000.0,24,0
45,9700000.0,16800000.0,6,0
21,8500000.0,45300000.0,48,0
40,10600000.0,38200000.0,48,0
36,5900000.0,19800000.0,12,1
44,5800000.0,7800000.0,6,0
41,5400000.0,77600000.0,48,0
24,19500000.0,225600000.0,36,1
39,4800000.0,45400000.0,36,0
31,6100000.0,5000000.0,24,0
21,5100000.0,31800000.0,24,0
30,11400000.0,78900000.0,36,0
33,9400000.0,16400000.0,18,0
37,2600000.0,34400000.0,48,1
50,4600000.0,8900000.0,24,0
55,6900000.0,14500000.0,24,0
34,7200000.0,19000000.0,36,0
51,8900000.0,86900000.0,48,0
31,7400000.0,20900000.0,24,0
21,16900000.0,16200000.0,12,0
25,9000000.0,38200000.0,24,0
47,9700000.0,47000000.0,24,0
51,12500000.0,109500000.0,60,0
65,11600000.0,59500000.0,24,0
44,14300000.0,94700000.0,60,0
34,24000000.0,202800000.0,36,0
29,5000000.0,62600000.0,60,1
21,9200000.0,27600000.0,48,0
21,2500000.0,10100000.0,36,0
44,7300000.0,8600000.0,6,0
33,3600000.0,80100000.0,60,1
42,18600000.0,19500000.0,6,0
32,5000000.0,10500000.0,6,1
43,7200000.0,15800000.0,48,0
32,3000000.0,8400000.0,18,1
44,6500000.0,53500000.0,48,0
57,6400000.0,23800000.0,24,0
35,10800000.0,7800000.0,24,0
55,8400000.0,47200000.0,24,0
44,3800000.0,22800000.0,24,1
48,13100000.0,37000000.0,24,0
21,5900000.0,7400000.0,24,0
31,19600000.0,113600000.0,18,1
38,4300000.0,3000000.0,12,0
46,3500000.0,8000000.0,18,0
34,7000000.0,61300000.0,60,0
48,6300000.0,7400000.0,24,0
35,15700000.0,50700000.0,36,0
37,14800000.0,13800000.0,18,0
56,8200000.0,19500000.0,60,0
53,4700000.0,3500000.0,6,0
28,5800000.0,4200000.0,24,0
46,9400000.0,34100000.0,12,0
41,5000000.0,8300000.0,12,0
38,9100000.0,46900000.0,24,0
24,13600000.0,45900000.0,24,0
30,9300000.0,41800000.0,18,0
53,13800000.0,42000000.0,36,0
44,10100000.0,64500000.0,36,0
30,4000000.0,18100000.0,36,0
55,6300000.0,55300000.0,60,0
42,7600000.0,3000000.0,6,0
46,7500000.0,49300000.0,60,0
27,10700000.0,94000000.0,36,1
54,5800000.0,4500000.0,18,0
21,7300000.0,4600000.0,6,0
41,4500000.0,4200000.0,6,0
43,16700000.0,9000000.0,18,0
49,21100000.0,47000000.0,36,0
56,14000000.0,42800000.0,36,0
21,12100000.0,28500000.0,24,0
51,3700000.0,11800000.0,24,0
46,18900000.0,87300000.0,24,0
43,14200000.0,115300000.0,18,1
42,33400000.0,163700000.0,36,0
47,12400000.0,79600000.0,36,0
46,18500000.0,69200000.0,18,0
41,21200000.0,3800000.0,6,0
21,12500000.0,28500000.0,12,0
39,8100000.0,15800000.0,18,0
43,3200000.0,27000000.0,36,1
33,4500000.0,30600000.0,48,1
21,14200000.0,62300000.0,18,0
41,3000000.0,36800000.0,60,1
50,6900000.0,20300000.0,36,0
33,5300000.0,36900000.0,36,1
21,6900000.0,4500000.0,12,0
47,11400000.0,38300000.0,18,1
40,5300000.0,27800000.0,24,1
31,9300000.0,15000000.0,18,0
51,6700000.0,11900000.0,6,1
27,12000000.0,63600000.0,36,0
29,15400000.0,60500000.0,36,0
27,7600000.0,12800000.0,12,0
21,4800000.0,8700000.0,18,0
37,18200000.0,85500000.0,24,0
49,9600000.0,40700000.0,24,0
47,9700000.0,102500000.0,60,0
40,2600000.0,23800000.0,36,1
54,4900000.0,10700000.0,24,0
36,3200000.0,3000000.0,6,0
38,7900000.0,17000000.0,12,0
37,15900000.0,66700000.0,36,0
43,24500000.0,15800000.0,6,0
39,6000000.0,11700000.0,24,0
33,4400000.0,16100000.0,24,0
21,28700000.0,305800000.0,36,0
34,16100000.0,127400000.0,48,0
45,11600000.0,144100000.0,60,0
23,2600000.0,4700000.0,48,0
51,10400000.0,27700000.0,12,0
42,8100000.0,33400000.0,36,0
42,3600000.0,3000000.0,6,0
26,3100000.0,3000000.0,6,0
43,3300000.0,17800000.0,24,0
23,5800000.0,22400000.0,48,0
31,11600000.0,96700000.0,48,0
21,22100000.0,54300000.0,12,0
32,8500000.0,29700000.0,12,0
25,5300000.0,11700000.0,48,0
25,3600000.0,40800000.0,36,1
61,7400000.0,4600000.0,6,0
47,11600000.0,50000000.0,24,0
44,31200000.0,61800000.0,24,0
34,8800000.0,19900000.0,36,0
53,10100000.0,105500000.0,48,1
63,19800000.0,43600000.0,24,0
33,9200000.0,21600000.0,12,0
31,6600000.0,31800000.0,24,0
42,3900000.0,26500000.0,60,1
46,4700000.0,72500000.0,60,1
30,4400000.0,13400000.0,36,0
53,8500000.0,9200000.0,36,0
48,8500000.0,14800000.0,24,0
48,7100000.0,24800000.0,24,0
35,6700000.0,26100000.0,24,0
64,22500000.0,25300000.0,18,0
32,12400000.0,37700000.0,36,0
23,12700000.0,82100000.0,36,0
38,6800000.0,95900000.0,60,1
23,14200000.0,65900000.0,24,0
28,12500000.0,85200000.0,24,1
24,12900000.0,67900000.0,24,0
48,12000000.0,156100000.0,48,0
45,9100000.0,3000000.0,6,0
38,4000000.0,62300000.0,48,0
37,14000000.0,10100000.0,24,0
38,13100000.0,35500000.0,12,0
54,5200000.0,69200000.0,48,0
63,3600000.0,19000000.0,24,0
33,3400000.0,6200000.0,12,1
21,8200000.0,45900000.0,36,0
26,14000000.0,73400000.0,24,0
39,9800000.0,3000000.0,6,0
48,8500000.0,22700000.0,12,1
40,6600000.0,90900000.0,60,0
47,11700000.0,74400000.0,36,0
22,9400000.0,42800000.0,36,0
32,10100000.0,49200000.0,24,0
41,26800000.0,92100000.0,24,0
49,4500000.0,8800000.0,18,0
40,8100000.0,25900000.0,24,0
46,13100000.0,9400000.0,24,0
38,3200000.0,9300000.0,18,0
43,5200000.0,3000000.0,6,1
45,9600000.0,27700000.0,12,0
33,12300000.0,55300000.0,24,0
31,4700000.0,11600000.0,18,0
65,8100000.0,34800000.0,48,0
45,4800000.0,61000000.0,48,1
34,16700000.0,13300000.0,12,1
23,11000000.0,18500000.0,36,0
34,9300000.0,78500000.0,48,0
31,5400000.0,17300000.0,18,0
34,7400000.0,18200000.0,12,0
45,7500000.0,28300000.0,24,0
28,30200000.0,198300000.0,24,0
49,7800000.0,41500000.0,36,0
43,4900000.0,26700000.0,36,1
42,26700000.0,500000000.0,60,0
37,8000000.0,14400000.0,60,0
42,8000000.0,19000000.0,36,0
33,5100000.0,8400000.0,12,0
28,5700000.0,30100000.0,36,0
23,10400000.0,35800000.0,24,0
51,5700000.0,22800000.0,18,1
43,9700000.0,156700000.0,48,0
57,6700000.0,23000000.0,24,0
34,9800000.0,4100000.0,6,0
63,3600000.0,7200000.0,12,0
29,12400000.0,70300000.0,36,0
29,8000000.0,75800000.0,48,0
36,9100000.0,71100000.0,24,0
21,8200000.0,16500000.0,24,0
44,14900000.0,34000000.0,12,0
45,11100000.0,29900000.0,12,0
21,14600000.0,112500000.0,36,0
23,4700000.0,10500000.0,12,0
32,10400000.0,11100000.0,24,0
21,14100000.0,75600000.0,24,0
64,9200000.0,7800000.0,6,0
39,7600000.0,110800000.0,36,0
34,10000000.0,61300000.0,48,0
33,12000000.0,46600000.0,36,0
43,3700000.0,53900000.0,60,0
38,9400000.0,83100000.0,24,0
21,9100000.0,71500000.0,24,0
21,3200000.0,5900000.0,36,0
56,9300000.0,70100000.0,36,0
41,8700000.0,19600000.0,24,0
36,6300000.0,12100000.0,36,0
35,15200000.0,103300000.0,36,0
29,8800000.0,34100000.0,24,0
36,5400000.0,7600000.0,6,0
49,5600000.0,61300000.0,36,1
40,4600000.0,5300000.0,6,0
41,13800000.0,45100000.0,48,0
33,9500000.0,36200000.0,36,0
36,15200000.0,73000000.0,24,0
37,5200000.0,20000000.0,36,0
35,8300000.0,33700000.0,24,0
34,16600000.0,23100000.0,24,0
38,6600000.0,8900000.0,18,0
60,2800000.0,16500000.0,60,0
38,7700000.0,6400000.0,24,0
30,11200000.0,45000000.0,18,0
39,3800000.0,8500000.0,18,0
21,5800000.0,3000000.0,12,0
50,6800000.0,5200000.0,6,0
39,7100000.0,13500000.0,24,0
39,9800000.0,23300000.0,36,0
43,9100000.0,37100000.0,24,0
66,3900000.0,7100000.0,12,0
31,8800000.0,39400000.0,24,0
44,4600000.0,16800000.0,24,0
59,7700000.0,9300000.0,12,0
54,9600000.0,5400000.0,12,0
40,11900000.0,68800000.0,24,1
37,6600000.0,26500000.0,36,0
37,6000000.0,4300000.0,18,0
34,3600000.0,39100000.0,60,0
38,8300000.0,14000000.0,12,0
26,8700000.0,39400000.0,24,0
63,11400000.0,45200000.0,18,0
32,5400000.0,15500000.0,12,0
33,7400000.0,33700000.0,24,1
31,4700000.0,19900000.0,18,0
36,7800000.0,24700000.0,12,0
58,23900000.0,88000000.0,24,0
21,16100000.0,17200000.0,24,0
38,7400000.0,71200000.0,36,1
22,6800000.0,52500000.0,36,0
46,6900000.0,51500000.0,36,0
27,4200000.0,15700000.0,24,1
32,8600000.0,14800000.0,18,0
39,14700000.0,6200000.0,12,0
22,3600000.0,25900000.0,24,0
21,8600000.0,13300000.0,12,0
38,15800000.0,70500000.0,12,0
21,3600000.0,5500000.0,36,0
36,4900000.0,19000000.0,36,0
35,6000000.0,23500000.0,48,0
35,11400000.0,27800000.0,24,0
21,4400000.0,13000000.0,24,1
37,5800000.0,28000000.0,36,0
43,2900000.0,14600000.0,36,0
33,8900000.0,13000000.0,12,0
49,16700000.0,86100000.0,36,0
31,14600000.0,22100000.0,18,0
29,14600000.0,93500000.0,18,0
51,8200000.0,16100000.0,12,0
40,4100000.0,6200000.0,18,0
36,11500000.0,43300000.0,24,0
62,20800000.0,78600000.0,18,0
37,4500000.0,5100000.0,12,0
42,9000000.0,35300000.0,24,0
35,9400000.0,35500000.0,12,0
35,13300000.0,88300000.0,48,0
36,12800000.0,28000000.0,18,0
29,5900000.0,61800000.0,48,0
62,19200000.0,19600000.0,12,0
25,19900000.0,30500000.0,6,0
38,4500000.0,5300000.0,6,0
24,5600000.0,10500000.0,36,0
39,5000000.0,38700000.0,48,0
48,12500000.0,31000000.0,24,0
22,3000000.0,3000000.0,6,1
59,4400000.0,19500000.0,24,0
23,8000000.0,32400000.0,36,0
39,8600000.0,16400000.0,12,1
44,7200000.0,16300000.0,12,0
43,20600000.0,150400000.0,60,0
27,6600000.0,46200000.0,24,0
44,17000000.0,79600000.0,18,0
58,11400000.0,68300000.0,24,0
21,9900000.0,77600000.0,48,0
36,7000000.0,7200000.0,12,0
49,3900000.0,5600000.0,12,0
21,6800000.0,10900000.0,12,0
26,19500000.0,120700000.0,48,0
51,7200000.0,26300000.0,36,0
30,4000000.0,15100000.0,36,0
43,11100000.0,11600000.0,12,0
36,7700000.0,104300000.0,48,0
50,5400000.0,7600000.0,6,0
40,24200000.0,186500000.0,36,0
38,6500000.0,19000000.0,36,0
32,6200000.0,29200000.0,36,0
65,9700000.0,78400000.0,60,0
50,4200000.0,20100000.0,24,0
36,25700000.0,60000000.0,18,0
37,5100000.0,13900000.0,12,0
29,7800000.0,7900000.0,12,0
27,14800000.0,24400000.0,18,0
30,4300000.0,50100000.0,36,0
22,8900000.0,68600000.0,36,0
48,5300000.0,26400000.0,18,0
37,9000000.0,9900000.0,18,0
40,3200000.0,26900000.0,36,0
33,6800000.0,12400000.0,24,0
49,2500000.0,12000000.0,36,0
33,8500000.0,34400000.0,24,0
56,15700000.0,8500000.0,18,0
34,2800000.0,8300000.0,24,0
29,15100000.0,19600000.0,24,0
33,12800000.0,44500000.0,24,0
36,19800000.0,147100000.0,36,0
33,14900000.0,41500000.0,12,0
49,4100000.0,5900000.0,18,0
48,24900000.0,330800000.0,36,1
49,14100000.0,85700000.0,24,0
54,8300000.0,18100000.0,24,0
30,5400000.0,3000000.0,6,0
27,5100000.0,23700000.0,36,0
37,9500000.0,50100000.0,48,0
33,6100000.0,21400000.0,36,0
52,8300000.0,21700000.0,12,0
38,12000000.0,84100000.0,24,0
62,5200000.0,3000000.0,6,0
49,11400000.0,126800000.0,48,0
41,6000000.0,13500000.0,12,1
21,8500000.0,3000000.0,6,0
46,15900000.0,86200000.0,24,0
35,3800000.0,7700000.0,18,0
41,8100000.0,39300000.0,36,0
31,8200000.0,14700000.0,60,0
27,4000000.0,7900000.0,6,1
37,6700000.0,74000000.0,48,1
34,5600000.0,21900000.0,36,0
24,5300000.0,15900000.0,24,1
38,11200000.0,30900000.0,24,0
35,12200000.0,82400000.0,48,0
54,5800000.0,14500000.0,18,0
36,15200000.0,100800000.0,18,0
29,7400000.0,22100000.0,36,0
29,9300000.0,44800000.0,36,0
42,10900000.0,55200000.0,24,0
56,6500000.0,24500000.0,24,0
63,27900000.0,133800000.0,24,0
21,8100000.0,48800000.0,36,0
29,7700000.0,12600000.0,18,0
54,5900000.0,53100000.0,60,0
21,17200000.0,94500000.0,24,0
45,22200000.0,98200000.0,12,0
66,9500000.0,22300000.0,18,0
55,7200000.0,12400000.0,36,0
35,5400000.0,3000000.0,12,0
21,5000000.0,7300000.0,24,0
24,6200000.0,17000000.0,48,0
43,7100000.0,16800000.0,18,0
33,7300000.0,13900000.0,24,0
38,3200000.0,5200000.0,36,0
41,8800000.0,7700000.0,24,0
23,6500000.0,19700000.0,24,1
39,7200000.0,11700000.0,12,0
24,4700000.0,3000000.0,12,0
25,3000000.0,3200000.0,12,0
52,14000000.0,132900000.0,24,0
26,7000000.0,13800000.0,36,0
37,7000000.0,47200000.0,36,0
54,10900000.0,24900000.0,18,0
23,6300000.0,40400000.0,36,0
21,15500000.0,76100000.0,24,0
53,6200000.0,8700000.0,24,0
39,4200000.0,6100000.0,12,0
50,23400000.0,132200000.0,36,0
39,3300000.0,3600000.0,36,0
37,3100000.0,25900000.0,48,1
38,4200000.0,29800000.0,24,0
21,6200000.0,36500000.0,36,0
37,6600000.0,43300000.0,24,0
60,9300000.0,7400000.0,12,0
49,5800000.0,73300000.0,36,0
40,8400000.0,37300000.0,24,0
43,14600000.0,19600000.0,6,0
38,3700000.0,39700000.0,48,0
23,7100000.0,10500000.0,6,0
35,10600000.0,19700000.0,12,0
25,10100000.0,103600000.0,48,0
31,10500000.0,15900000.0,12,0
38,5700000.0,6500000.0,12,0
26,5000000.0,8900000.0,6,1
37,6000000.0,21900000.0,36,0
43,17100000.0,46500000.0,18,0
47,5200000.0,14700000.0,36,0
42,5900000.0,51600000.0,24,0
31,19400000.0,51300000.0,24,0
34,4400000.0,4400000.0,6,0
51,5800000.0,50200000.0,36,1
26,5400000.0,8700000.0,48,0
60,11200000.0,12700000.0,12,0
21,6600000.0,25500000.0,24,0
57,7500000.0,64000000.0,36,0
27,8000000.0,10500000.0,6,0
21,14800000.0,91900000.0,36,1
44,6200000.0,10400000.0,24,0
36,9200000.0,12500000.0,18,0
30,4600000.0,10700000.0,36,0
26,5500000.0,3000000.0,6,0
49,18200000.0,56500000.0,12,0
39,17600000.0,145000000.0,48,0
46,3300000.0,13200000.0,24,1
58,2500000.0,5800000.0,12,0
37,15900000.0,24000000.0,24,0
38,6000000.0,51400000.0,24,0
38,9100000.0,33700000.0,12,0
27,10100000.0,23300000.0,36,0
35,11300000.0,30300000.0,24,0
45,5700000.0,11700000.0,24,0
35,6100000.0,22800000.0,24,0
42,3500000.0,66100000.0,48,1
44,3100000.0,3700000.0,12,0
30,10800000.0,30000000.0,24,0
44,8500000.0,49700000.0,36,0
50,18400000.0,74000000.0,12,0
27,7000000.0,7000000.0,6,0
33,11100000.0,9000000.0,12,0
21,9900000.0,117000000.0,60,1
33,3900000.0,25200000.0,36,0
33,5800000.0,23700000.0,24,0
45,10400000.0,28600000.0,12,0
53,15200000.0,36200000.0,36,0
35,18800000.0,187400000.0,48,0
25,8000000.0,24600000.0,24,0
53,12000000.0,13300000.0,12,0
36,10100000.0,52700000.0,12,1
41,3700000.0,16200000.0,24,1
29,10100000.0,28400000.0,18,0
49,6200000.0,3900000.0,12,0
21,7700000.0,37900000.0,18,1
21,9000000.0,8300000.0,6,0
34,4900000.0,34000000.0,48,0
33,3500000.0,13100000.0,24,0
33,8400000.0,8700000.0,24,0
27,5300000.0,7000000.0,12,0
21,4900000.0,5900000.0,12,0
31,7100000.0,3700000.0,6,0
23,20800000.0,40600000.0,48,0
21,6100000.0,21200000.0,24,0
57,3100000.0,11200000.0,12,1
51,12900000.0,7000000.0,18,0
21,13200000.0,34900000.0,24,0
40,9800000.0,123800000.0,36,0
35,9400000.0,36400000.0,36,0
47,8800000.0,73200000.0,48,0
52,2800000.0,3000000.0,12,0
41,8000000.0,30000000.0,36,0
45,3700000.0,4000000.0,6,0
41,7400000.0,22600000.0,24,0
57,5400000.0,11300000.0,24,0
37,10300000.0,14600000.0,12,0
48,5900000.0,4400000.0,24,0
48,7400000.0,24700000.0,18,0
40,7500000.0,11800000.0,24,0
46,25100000.0,83000000.0,12,0
41,4800000.0,21000000.0,24,0
31,7500000.0,8500000.0,18,0
47,2500000.0,6100000.0,24,0
21,6300000.0,43300000.0,24,0
42,9900000.0,47500000.0,36,0
25,5800000.0,28400000.0,60,0
35,5900000.0,12700000.0,24,0
42,5600000.0,26600000.0,24,0
46,6200000.0,38400000.0,48,1
38,10700000.0,18700000.0,6,0
27,12900000.0,96800000.0,24,0
24,5600000.0,11600000.0,24,0
29,29300000.0,14600000.0,6,0
43,8100000.0,122100000.0,36,1
21,15200000.0,8200000.0,18,0
24,4100000.0,34800000.0,36,1
52,6200000.0,8400000.0,24,0
26,4900000.0,42800000.0,48,0
47,4900000.0,38000000.0,24,0
37,5500000.0,5400000.0,6,0
37,4800000.0,18300000.0,24,0
43,5500000.0,11100000.0,12,0
38,9100000.0,77800000.0,36,1
44,8900000.0,21900000.0,24,0
21,7100000.0,87400000.0,48,0
47,8100000.0,35400000.0,24,0
50,10300000.0,12000000.0,12,0
38,5600000.0,27100000.0,36,0
21,10500000.0,13800000.0,12,0
49,10600000.0,102900000.0,36,0
31,7100000.0,14000000.0,12,0
48,7900000.0,27400000.0,12,0
37,5700000.0,32100000.0,36,0
26,2900000.0,6800000.0,24,0
33,9700000.0,32500000.0,12,1
21,13500000.0,4900000.0,12,0
25,4500000.0,20500000.0,36,0
37,2800000.0,14600000.0,18,1
23,9700000.0,106600000.0,36,1
39,4300000.0,3000000.0,6,0
48,9400000.0,39900000.0,48,0
26,15700000.0,10200000.0,6,0
39,6300000.0,24900000.0,24,0
49,7700000.0,18300000.0,24,0
25,5400000.0,3400000.0,12,0
44,11800000.0,78500000.0,24,0
21,6200000.0,15600000.0,24,0
29,18100000.0,156000000.0,36,0
32,4000000.0,4900000.0,12,0
51,9000000.0,10400000.0,12,0
31,8400000.0,117600000.0,48,1
38,19800000.0,15000000.0,12,0
42,2800000.0,8600000.0,48,0
36,10600000.0,45300000.0,36,0
51,6000000.0,4300000.0,24,0
35,6300000.0,4200000.0,6,0
35,13200000.0,50100000.0,36,0
21,8300000.0,5300000.0,6,0
21,9900000.0,33400000.0,18,0
38,7900000.0,26200000.0,18,0
35,5400000.0,9000000.0,18,0
21,15200000.0,21400000.0,6,0
48,6600000.0,21700000.0,36,0
52,3900000.0,13900000.0,36,0
38,14400000.0,111200000.0,36,0
31,6100000.0,60300000.0,36,0
43,2500000.0,3400000.0,12,0
27,3100000.0,10000000.0,12,1
35,8300000.0,39900000.0,24,0
67,6500000.0,82700000.0,36,0
57,8000000.0,6700000.0,12,0
32,24300000.0,312300000.0,60,0
30,8500000.0,38300000.0,18,1
33,7200000.0,16100000.0,18,0
21,10200000.0,62700000.0,36,1
52,20600000.0,56400000.0,36,0
39,8500000.0,19500000.0,36,0
57,3700000.0,31900000.0,36,0
47,8900000.0,3500000.0,6,0
35,7600000.0,41600000.0,36,0
46,5000000.0,7900000.0,12,0
44,6700000.0,66100000.0,36,1
36,3700000.0,8700000.0,12,0
23,12900000.0,7200000.0,6,0
22,7500000.0,10000000.0,12,0
38,5200000.0,3000000.0,6,0
60,18100000.0,18700000.0,24,0
45,7600000.0,11300000.0,6,0
38,9800000.0,15200000.0,24,0
41,3400000.0,12700000.0,18,1
21,4700000.0,14300000.0,18,0
28,23600000.0,272000000.0,36,0
30,27100000.0,107400000.0,18,0
34,19800000.0,44400000.0,24,0
35,19100000.0,78800000.0,18,0
38,15600000.0,18800000.0,24,0
66,4600000.0,6900000.0,12,0
46,13100000.0,159400000.0,48,0
34,6300000.0,37000000.0,18,0
41,8400000.0,62300000.0,36,0
52,8600000.0,58900000.0,36,0
35,11700000.0,14200000.0,12,0
39,17000000.0,41700000.0,24,0
47,9200000.0,27100000.0,24,0
43,6400000.0,5100000.0,12,0
52,6400000.0,30900000.0,36,0
40,13600000.0,35800000.0,12,0
33,4700000.0,22000000.0,24,0
43,14400000.0,9900000.0,12,0
21,5000000.0,5700000.0,24,0
42,7800000.0,5800000.0,6,0
25,4000000.0,20700000.0,36,0
24,3300000.0,29600000.0,36,1
36,6000000.0,51100000.0,60,1
31,11900000.0,5100000.0,12,0
21,8000000.0,17000000.0,6,1
33,8300000.0,18400000.0,24,0
32,4100000.0,58800000.0,48,0
35,5600000.0,79500000.0,48,1
43,4600000.0,4100000.0,12,0
27,4800000.0,10600000.0,12,0
28,11300000.0,43900000.0,24,0
48,3700000.0,3000000.0,6,0
32,27700000.0,96500000.0,18,0
46,9900000.0,17600000.0,18,0
51,8900000.0,94000000.0,48,0
24,22300000.0,34500000.0,6,0
22,8300000.0,39700000.0,36,0
49,21900000.0,129700000.0,36,0
35,22900000.0,185900000.0,36,0
27,17400000.0,89700000.0,18,0
49,15500000.0,16700000.0,36,0
43,5400000.0,8400000.0,36,0
51,5600000.0,50500000.0,36,0
40,11000000.0,35200000.0,18,0
46,15900000.0,28100000.0,18,0
31,7500000.0,28400000.0,24,0
27,8900000.0,30500000.0,18,0
23,14600000.0,46800000.0,36,0
34,5400000.0,16300000.0,18,0
50,4700000.0,12000000.0,24,0
32,6600000.0,13900000.0,6,0
49,3400000.0,27400000.0,48,0
34,20600000.0,27300000.0,12,0
36,8900000.0,15300000.0,36,0
26,9900000.0,48200000.0,36,0
24,17300000.0,159100000.0,36,0
44,10300000.0,4500000.0,6,0
27,6700000.0,15200000.0,18,0
39,5300000.0,14300000.0,36,0
45,7300000.0,26700000.0,24,0
33,9200000.0,7100000.0,12,0
28,4400000.0,23200000.0,36,0
27,12200000.0,23700000.0,36,0
51,10500000.0,24600000.0,12,0
21,17300000.0,79700000.0,24,0
45,5900000.0,27000000.0,24,0
46,18200000.0,50400000.0,24,0
35,7900000.0,146600000.0,60,1
48,20100000.0,132900000.0,60,0
37,5000000.0,6200000.0,12,1
45,5800000.0,12700000.0,18,0
43,14700000.0,14100000.0,6,0
24,6500000.0,23100000.0,36,0
30,7000000.0,4800000.0,12,0
34,13200000.0,128900000.0,48,0
38,8700000.0,10700000.0,12,0
21,21000000.0,46500000.0,12,0
47,7600000.0,31300000.0,36,0
21,5200000.0,16700000.0,18,1
41,6700000.0,55900000.0,36,0
44,3300000.0,8800000.0,12,0
45,3500000.0,8800000.0,48,0
37,8300000.0,36300000.0,12,0
30,4800000.0,6500000.0,6,0
36,6800000.0,10600000.0,6,0
54,7500000.0,24700000.0,12,0
52,18500000.0,23300000.0,6,0
33,6400000.0,9400000.0,12,0
45,3300000.0,31200000.0,36,0
51,9900000.0,112400000.0,48,0
42,11000000.0,25900000.0,12,0
49,18200000.0,74300000.0,18,0
41,8000000.0,84200000.0,48,0
41,5000000.0,11800000.0,36,0
48,8400000.0,44200000.0,18,0
37,8700000.0,26100000.0,36,0
56,5000000.0,12400000.0,12,0
48,7700000.0,7900000.0,12,0
29,11600000.0,193400000.0,60,0
40,9700000.0,57800000.0,24,0
38,22100000.0,166600000.0,60,0
25,6500000.0,61900000.0,36,0
21,7200000.0,4100000.0,6,0
30,4500000.0,16000000.0,36,1
48,5000000.0,13000000.0,12,0
42,5200000.0,27600000.0,36,0
49,7100000.0,15100000.0,24,0
24,5100000.0,40700000.0,36,0
47,7300000.0,18600000.0,24,0
26,8100000.0,15700000.0,24,0
33,15800000.0,52400000.0,36,0
40,13700000.0,10700000.0,6,0
50,11000000.0,17200000.0,6,0
34,12700000.0,20900000.0,12,0
41,12400000.0,31500000.0,36,0
65,12900000.0,10100000.0,12,0
48,3000000.0,26000000.0,24,1
26,14800000.0,8200000.0,6,0
60,7800000.0,13400000.0,24,0
42,7600000.0,72500000.0,36,1
35,7500000.0,6600000.0,24,0
42,4600000.0,19300000.0,48,0
46,10500000.0,24400000.0,24,0
26,6700000.0,3000000.0,6,0
52,21500000.0,14800000.0,18,0
49,15700000.0,97900000.0,48,0
66,5800000.0,5900000.0,6,0
31,11300000.0,90400000.0,36,1
21,15900000.0,87900000.0,48,1
21,12000000.0,57400000.0,60,0
52,2700000.0,7600000.0,12,1
62,6200000.0,13700000.0,36,0
57,13900000.0,56200000.0,36,0
21,8000000.0,30400000.0,24,0
35,18100000.0,33500000.0,12,0
29,5900000.0,15300000.0,36,0
32,11200000.0,13900000.0,6,0
24,7200000.0,33800000.0,60,0
33,11600000.0,52900000.0,36,0
48,3500000.0,6600000.0,12,1
32,7700000.0,45700000.0,60,0
45,7000000.0,46300000.0,36,0
21,19200000.0,37900000.0,24,0
29,5800000.0,4700000.0,6,0
33,2500000.0,10000000.0,24,0
32,5500000.0,19000000.0,12,0
21,11700000.0,16300000.0,6,0
22,16200000.0,5800000.0,12,0
41,5700000.0,25300000.0,24,0
48,6200000.0,35500000.0,24,0
43,9100000.0,5000000.0,12,0
50,5600000.0,4000000.0,12,0
41,9000000.0,38200000.0,36,0
30,9900000.0,43600000.0,36,0
52,10300000.0,8600000.0,12,0
23,14000000.0,27200000.0,12,1
43,8300000.0,23900000.0,36,0
40,12800000.0,38800000.0,36,0
30,8500000.0,13700000.0,6,0
40,6600000.0,24200000.0,48,0
44,3700000.0,7200000.0,12,0
42,23700000.0,32700000.0,12,0
27,20000000.0,45500000.0,36,0
21,17600000.0,54000000.0,18,1
32,15400000.0,27200000.0,6,0
40,10300000.0,6300000.0,18,0
31,5700000.0,26500000.0,24,0
46,14000000.0,218300000.0,60,0
28,6100000.0,47700000.0,36,0
38,6700000.0,16600000.0,18,1
60,26400000.0,305200000.0,48,0
55,11000000.0,53600000.0,24,0
39,3300000.0,16100000.0,24,1
35,18800000.0,105100000.0,48,0
55,8000000.0,10400000.0,36,0
33,6000000.0,23700000.0,24,0
38,7100000.0,34800000.0,36,0
44,6300000.0,13700000.0,18,0
52,6100000.0,12700000.0,12,0
32,7600000.0,34100000.0,24,0
45,6400000.0,6800000.0,12,0
25,4200000.0,16100000.0,48,0
36,16200000.0,11700000.0,12,0
36,10800000.0,34100000.0,18,0
22,4700000.0,20700000.0,36,0
29,2500000.0,17300000.0,24,1
41,14400000.0,119200000.0,60,0
39,12600000.0,30500000.0,36,0
29,3100000.0,21100000.0,24,1
40,8600000.0,75600000.0,36,0
27,14400000.0,147300000.0,36,1
37,6500000.0,34400000.0,24,0
33,3500000.0,10900000.0,24,0
30,7800000.0,71700000.0,60,0
45,7200000.0,14600000.0,24,0
70,30000000.0,38900000.0,36,0
30,3200000.0,18300000.0,24,1
39,7000000.0,26500000.0,24,0
44,7000000.0,9000000.0,36,0
34,31600000.0,33600000.0,6,0
31,10700000.0,17800000.0,48,0
44,11900000.0,3800000.0,6,0
27,2500000.0,13800000.0,36,1
55,3600000.0,29800000.0,36,0
49,9600000.0,16000000.0,48,0
35,6700000.0,13800000.0,12,0
39,10300000.0,14800000.0,48,0
46,3000000.0,12600000.0,18,0
38,18600000.0,151500000.0,36,0
21,11700000.0,3000000.0,6,0
41,11700000.0,56100000.0,36,0
26,6600000.0,7100000.0,36,0
41,8600000.0,20900000.0,12,0
39,4800000.0,7800000.0,6,0
21,4500000.0,38700000.0,36,0
43,21300000.0,82000000.0,24,0
32,17000000.0,120500000.0,24,1
51,9000000.0,29100000.0,18,0
55,16300000.0,33600000.0,18,0
42,12500000.0,18000000.0,24,0
21,5300000.0,13300000.0,12,0
41,5000000.0,36700000.0,48,0
21,7800000.0,6400000.0,6,0
33,9900000.0,50200000.0,36,0
49,4000000.0,6300000.0,36,0
50,17900000.0,17000000.0,6,0
41,2500000.0,25700000.0,36,1
33,9800000.0,29200000.0,24,0
50,4400000.0,3800000.0,18,0
43,7500000.0,7500000.0,12,0
44,3700000.0,5400000.0,48,0
54,3200000.0,8500000.0,12,0
51,5700000.0,15400000.0,36,0
40,4600000.0,26800000.0,18,1
56,18900000.0,39800000.0,24,0
45,5500000.0,9100000.0,6,0
48,3600000.0,38900000.0,36,0
36,19900000.0,70300000.0,60,0
24,9000000.0,73100000.0,60,0
51,17000000.0,24400000.0,6,0
64,8800000.0,17100000.0,6,0
43,7600000.0,15300000.0,6,0
21,26200000.0,111300000.0,24,0
29,4000000.0,60700000.0,48,0
27,11500000.0,20800000.0,12,0
48,7600000.0,37500000.0,24,1
40,12300000.0,21600000.0,12,0
28,4200000.0,35900000.0,36,0
45,3000000.0,10300000.0,12,0
54,10200000.0,89600000.0,24,0
37,10100000.0,41600000.0,36,0
57,8900000.0,83900000.0,60,0
37,6800000.0,14100000.0,12,0
35,3900000.0,31200000.0,36,0
26,3300000.0,9800000.0,24,0
52,10000000.0,3600000.0,12,0
49,2500000.0,4600000.0,36,0
50,9200000.0,39800000.0,24,0
31,11100000.0,27600000.0,24,0
37,6700000.0,11600000.0,24,0
38,5100000.0,3000000.0,18,0
37,6700000.0,9500000.0,18,0
43,17600000.0,18900000.0,6,0
56,9800000.0,18100000.0,24,0
42,14100000.0,55600000.0,12,0
41,9600000.0,119200000.0,48,1
33,11400000.0,10700000.0,12,0
38,6100000.0,4400000.0,12,0
44,7400000.0,6900000.0,24,0
34,6900000.0,143200000.0,60,1
54,8500000.0,24300000.0,24,0
28,8500000.0,46000000.0,18,0
30,7500000.0,24700000.0,12,0
43,10700000.0,114400000.0,60,0
39,5300000.0,21600000.0,24,0
21,25400000.0,144100000.0,36,0
46,9100000.0,33400000.0,36,0
57,9800000.0,5300000.0,12,0
34,7100000.0,32500000.0,24,0
24,9600000.0,26700000.0,36,0
37,18800000.0,20300000.0,36,0
47,9000000.0,20500000.0,12,0
42,6600000.0,32800000.0,18,0
27,6100000.0,12600000.0,12,0
33,23100000.0,31000000.0,6,0
41,7200000.0,3000000.0,12,0
33,5300000.0,8900000.0,24,0
32,13400000.0,140400000.0,36,0
56,2500000.0,3500000.0,6,0
56,7400000.0,17000000.0,36,0
39,21500000.0,32100000.0,24,0
39,18200000.0,63800000.0,18,0
37,6500000.0,20500000.0,24,1
29,3800000.0,8400000.0,24,0
44,11800000.0,67500000.0,36,0
36,5500000.0,27700000.0,24,0
35,5400000.0,29000000.0,24,0
33,5800000.0,19000000.0,12,1
31,20900000.0,78400000.0,18,0
48,5900000.0,64100000.0,60,0
30,6600000.0,11900000.0,24,0
47,5500000.0,19200000.0,24,0
37,5800000.0,64000000.0,36,1
40,4500000.0,59300000.0,36,1
26,2500000.0,14600000.0,24,1
48,4900000.0,50000000.0,36,1
52,11500000.0,16600000.0,18,0
41,9200000.0,8800000.0,24,0
33,7300000.0,5600000.0,6,0
38,8600000.0,28800000.0,12,0
55,13800000.0,63800000.0,24,0
46,7000000.0,50500000.0,24,1
41,2700000.0,3600000.0,12,0
33,5900000.0,50800000.0,24,1
48,3100000.0,6600000.0,12,1
29,4600000.0,3000000.0,6,0
34,14100000.0,15700000.0,18,0
32,14100000.0,86700000.0,36,0
54,7500000.0,24300000.0,12,0
23,18100000.0,29600000.0,18,0
38,11500000.0,72200000.0,18,1
32,4200000.0,11300000.0,36,0
59,6400000.0,95100000.0,60,0
36,4100000.0,3300000.0,6,0
47,9100000.0,26800000.0,12,0
23,4600000.0,8800000.0,18,0
34,9800000.0,7700000.0,12,0
39,10600000.0,78800000.0,48,0
40,13200000.0,34200000.0,24,0
32,2700000.0,27500000.0,36,1
47,7700000.0,10300000.0,12,0
25,20500000.0,34100000.0,24,0
21,8300000.0,28400000.0,24,0
51,15700000.0,50500000.0,36,0
56,6500000.0,54700000.0,36,0
29,19600000.0,8000000.0,12,0
39,4800000.0,16100000.0,18,0
47,8300000.0,100200000.0,60,0
34,12200000.0,42900000.0,24,1
38,7200000.0,26000000.0,12,1
25,6800000.0,18600000.0,24,0
52,10900000.0,9800000.0,18,0
37,12000000.0,50200000.0,24,0
24,13500000.0,64600000.0,24,0
41,10300000.0,24900000.0,24,0
40,2500000.0,16700000.0,24,1
33,22600000.0,158200000.0,24,0
21,6200000.0,12900000.0,36,0
21,14700000.0,59400000.0,12,1
38,5100000.0,19500000.0,18,0
51,14500000.0,20900000.0,12,0
49,16800000.0,9100000.0,18,0
55,4200000.0,18400000.0,36,0
38,11400000.0,28300000.0,18,0
21,3000000.0,6300000.0,24,0
26,5800000.0,11100000.0,6,0
43,6600000.0,21900000.0,24,0
39,11500000.0,12400000.0,36,0
51,20700000.0,195000000.0,36,0
30,9700000.0,66500000.0,60,0
29,11600000.0,113800000.0,24,0
29,7900000.0,18200000.0,36,0
21,10800000.0,19000000.0,12,0
37,5900000.0,29200000.0,18,0
42,3600000.0,11000000.0,12,0
40,4600000.0,45000000.0,48,0
21,11600000.0,76400000.0,36,0
53,6900000.0,83400000.0,48,0
29,9700000.0,7800000.0,6,0
50,6900000.0,26300000.0,24,0
52,4700000.0,36400000.0,48,0
57,10600000.0,62800000.0,24,0
58,6800000.0,93100000.0,48,1
39,8700000.0,31300000.0,18,0
56,16700000.0,37300000.0,12,0
51,7700000.0,33700000.0,36,0
36,8300000.0,10400000.0,12,0
35,6400000.0,11900000.0,18,0
31,4900000.0,15600000.0,24,0
38,5400000.0,3000000.0,18,0
30,9000000.0,9700000.0,36,0
48,6500000.0,32800000.0,24,0
65,8200000.0,100100000.0,48,0
55,4700000.0,20300000.0,12,0
28,6800000.0,15200000.0,24,0
51,8100000.0,15900000.0,24,0
33,6300000.0,28900000.0,36,0
40,6500000.0,18400000.0,18,0
36,22200000.0,147600000.0,36,0
29,7200000.0,27700000.0,24,0
47,4100000.0,5800000.0,12,0
41,29900000.0,10800000.0,12,0
45,6600000.0,57200000.0,36,1
46,6100000.0,59300000.0,60,0
44,9700000.0,3000000.0,6,0
39,7900000.0,13600000.0,6,0
35,19900000.0,32200000.0,12,0
21,5400000.0,11900000.0,18,0
39,13000000.0,27600000.0,24,0
36,7500000.0,39800000.0,60,0
32,10700000.0,5300000.0,6,0
28,6200000.0,17100000.0,18,0
38,5400000.0,28400000.0,24,0
55,4600000.0,22200000.0,24,1
38,4400000.0,5300000.0,6,0
39,2800000.0,6300000.0,18,1
40,9300000.0,37000000.0,24,0
33,9200000.0,6700000.0,6,0
26,16200000.0,36100000.0,12,0
30,8500000.0,49800000.0,24,0
23,9700000.0,34800000.0,36,0
44,2500000.0,10600000.0,36,0
44,16900000.0,39700000.0,24,0
49,6900000.0,54800000.0,24,0
21,8500000.0,13600000.0,18,0
58,6800000.0,10600000.0,24,0
38,8300000.0,15400000.0,24,0
37,4500000.0,11500000.0,12,1
45,3200000.0,3000000.0,24,0
33,5100000.0,41300000.0,36,0
48,7800000.0,3000000.0,12,0
50,15800000.0,28500000.0,6,0
24,27100000.0,98600000.0,24,0
51,7000000.0,15500000.0,12,0
34,11900000.0,71800000.0,24,1
55,4400000.0,24300000.0,36,0
48,13300000.0,31700000.0,12,0
45,8900000.0,34900000.0,24,0
40,10100000.0,7200000.0,6,0
39,25700000.0,172100000.0,48,0
48,5600000.0,12000000.0,36,0
47,3900000.0,20100000.0,36,1
31,6900000.0,19100000.0,36,0
44,6900000.0,5600000.0,24,0
52,10600000.0,38900000.0,24,0
38,8600000.0,47300000.0,24,0
27,19100000.0,210600000.0,48,0
31,7400000.0,15000000.0,6,0
24,26600000.0,356700000.0,36,1
32,9500000.0,42000000.0,24,0
41,10600000.0,47800000.0,24,0
38,5400000.0,6600000.0,12,0
30,9800000.0,20700000.0,6,1
46,3300000.0,3000000.0,6,0
21,7300000.0,60000000.0,48,0
52,4200000.0,7400000.0,24,0
36,11700000.0,83500000.0,36,0
46,7400000.0,35200000.0,36,0
42,7900000.0,39700000.0,36,0
43,11400000.0,12100000.0,6,0
30,9700000.0,9800000.0,6,1
36,5500000.0,33700000.0,36,0
37,18800000.0,30700000.0,24,0
25,3900000.0,6800000.0,12,0
26,11200000.0,28500000.0,18,0
27,5500000.0,16300000.0,12,0
27,4400000.0,23500000.0,48,0
56,17900000.0,25800000.0,48,0
21,8000000.0,18700000.0,36,0
33,14600000.0,70200000.0,24,1
39,3200000.0,8000000.0,24,0
37,13900000.0,28400000.0,24,0
23,3900000.0,20400000.0,24,0
48,14100000.0,17200000.0,12,0
33,8000000.0,21100000.0,12,0
38,8000000.0,21500000.0,36,0
46,13000000.0,129700000.0,36,0
26,6700000.0,16500000.0,12,0
61,3100000.0,21700000.0,24,1
52,8000000.0,20000000.0,18,0
28,9000000.0,31700000.0,36,0
41,5800000.0,40300000.0,24,1
39,14000000.0,25300000.0,24,0
49,7000000.0,51500000.0,48,0
27,7700000.0,19500000.0,12,0
41,6200000.0,33900000.0,48,0
53,6500000.0,36100000.0,36,0
21,7600000.0,16100000.0,18,0
40,7400000.0,48500000.0,48,0
25,4700000.0,3000000.0,12,0
58,8200000.0,4700000.0,12,0
32,10900000.0,41900000.0,12,0
54,4600000.0,51200000.0,36,1
22,13600000.0,55300000.0,60,0
33,8200000.0,24400000.0,18,0
41,4900000.0,14500000.0,24,0
46,5800000.0,54100000.0,36,1
29,8300000.0,21900000.0,24,0
21,16600000.0,40300000.0,18,0
47,5000000.0,12000000.0,60,0
46,6800000.0,12200000.0,6,0
41,5800000.0,15700000.0,24,0
36,5600000.0,26900000.0,18,0
46,14600000.0,23100000.0,6,0
31,3700000.0,28000000.0,36,0
42,13800000.0,25600000.0,18,0
47,7500000.0,37900000.0,36,0
45,6900000.0,3000000.0,6,0
52,21100000.0,105400000.0,24,0
43,2700000.0,9500000.0,36,0
45,3700000.0,14300000.0,24,0
37,6500000.0,22100000.0,36,0
43,4400000.0,18800000.0,24,1
44,3700000.0,8600000.0,36,0
36,2900000.0,4600000.0,24,0
38,6000000.0,25100000.0,24,0
31,6900000.0,27900000.0,24,0
50,2500000.0,4700000.0,24,0
38,26700000.0,166600000.0,24,0
59,4800000.0,43800000.0,24,0
50,17300000.0,19400000.0,6,0
36,7500000.0,40400000.0,24,1
35,27300000.0,74600000.0,24,0
44,7800000.0,69900000.0,36,1
42,17700000.0,63300000.0,24,0
46,5900000.0,32200000.0,36,0
29,10700000.0,46100000.0,24,0
55,6000000.0,10300000.0,24,0
44,4800000.0,35500000.0,36,0
32,4100000.0,4400000.0,12,0
25,9600000.0,3500000.0,12,0
44,3700000.0,7700000.0,24,0
38,9800000.0,20400000.0,24,0
53,6300000.0,29100000.0,18,0
36,23000000.0,104300000.0,12,0
43,5400000.0,10100000.0,36,0
21,6700000.0,17900000.0,24,1
21,8200000.0,11200000.0,24,0
35,4000000.0,9000000.0,24,0
45,10300000.0,15400000.0,36,0
35,2800000.0,22200000.0,24,1
33,11800000.0,22500000.0,24,0
33,3600000.0,5800000.0,36,0
38,5300000.0,48900000.0,36,1
36,13600000.0,92500000.0,48,0
34,18500000.0,42400000.0,24,0
32,5300000.0,19600000.0,24,0
34,6700000.0,21600000.0,36,0
40,8400000.0,39500000.0,24,0
31,12500000.0,154000000.0,48,0
55,5700000.0,20400000.0,18,0
43,3900000.0,51800000.0,60,0
36,18000000.0,123400000.0,24,0
36,14200000.0,85500000.0,48,0
46,3700000.0,61200000.0,60,1
31,11300000.0,49400000.0,18,0
32,8700000.0,7900000.0,24,0
31,4000000.0,21700000.0,18,0
35,6200000.0,7800000.0,6,0
36,5200000.0,5600000.0,36,0
37,8000000.0,39000000.0,24,0
27,12300000.0,46300000.0,12,0
21,6000000.0,17000000.0,60,0
38,10500000.0,7400000.0,6,0
50,34900000.0,265200000.0,36,0
56,4000000.0,15100000.0,36,0
34,9400000.0,44500000.0,24,0
40,11100000.0,66400000.0,36,0
21,14300000.0,92400000.0,60,0
37,11900000.0,41400000.0,12,0
37,3200000.0,20100000.0,24,1
59,13000000.0,116400000.0,36,0
25,17900000.0,55700000.0,18,0
38,8300000.0,81400000.0,36,0
39,20700000.0,75400000.0,24,0
39,7900000.0,41000000.0,36,0
47,10100000.0,24100000.0,12,0
33,2500000.0,7700000.0,12,0
27,12600000.0,27200000.0,18,0
40,3600000.0,7400000.0,12,0
33,8300000.0,31200000.0,24,0
33,8600000.0,10000000.0,12,0
60,11500000.0,207900000.0,48,0
25,7000000.0,17500000.0,6,1
63,5200000.0,36500000.0,36,0
44,5700000.0,10600000.0,24,0
63,8000000.0,19100000.0,12,0
35,14600000.0,100200000.0,24,0
43,6300000.0,9100000.0,12,0
51,8000000.0,9700000.0,6,0
29,10400000.0,33800000.0,24,0
37,17200000.0,62200000.0,24,0
22,4800000.0,36400000.0,36,0
38,7100000.0,12700000.0,24,0
41,2700000.0,5000000.0,18,0
49,4400000.0,16700000.0,18,0
50,8100000.0,34700000.0,18,0
38,15800000.0,55400000.0,24,0
43,17500000.0,13600000.0,6,0
30,5400000.0,41900000.0,60,0
21,18700000.0,40900000.0,24,0
34,7500000.0,21200000.0,60,0
21,3100000.0,18700000.0,48,0
29,9600000.0,113000000.0,36,1
43,8200000.0,27300000.0,36,0
31,11800000.0,240500000.0,60,0
21,3700000.0,4500000.0,36,0
35,3900000.0,13400000.0,24,0
53,6800000.0,16600000.0,12,0
29,12000000.0,7900000.0,12,0
21,8300000.0,67200000.0,36,0
26,19000000.0,36100000.0,12,0
47,14800000.0,11200000.0,12,0
50,11900000.0,28800000.0,18,0
45,10800000.0,122600000.0,36,0
24,29400000.0,199300000.0,36,0
21,5600000.0,3000000.0,6,0
38,4700000.0,28300000.0,24,0
58,19300000.0,71400000.0,36,0
31,4800000.0,36200000.0,36,0
34,6600000.0,38500000.0,18,0
59,8500000.0,93900000.0,36,0
41,9200000.0,10500000.0,12,0
45,8900000.0,29100000.0,24,0
21,3800000.0,11600000.0,36,0
36,24000000.0,13900000.0,12,0
36,6100000.0,17200000.0,12,1
56,8400000.0,15600000.0,18,0
21,5700000.0,88300000.0,60,0
35,6200000.0,22200000.0,36,0
33,5500000.0,21700000.0,24,0
44,11200000.0,28500000.0,24,0
33,12000000.0,28600000.0,12,0
58,10300000.0,67300000.0,24,0
49,6500000.0,14200000.0,36,0
62,8100000.0,46000000.0,36,0
43,12200000.0,126200000.0,36,1
41,8900000.0,13100000.0,6,0
38,10900000.0,7600000.0,18,0
30,2500000.0,8900000.0,24,0
27,9100000.0,38900000.0,24,0
21,8500000.0,18300000.0,36,0
39,7000000.0,20100000.0,24,0
30,11000000.0,41500000.0,12,1
39,6600000.0,9300000.0,24,0
37,2500000.0,3400000.0,12,0
27,5900000.0,3700000.0,6,1
58,3600000.0,3000000.0,12,0
44,6600000.0,29900000.0,48,0
30,8700000.0,19300000.0,12,0
48,6500000.0,11000000.0,36,0
57,9800000.0,39000000.0,36,0
70,23900000.0,151500000.0,36,0
38,5100000.0,18500000.0,60,0
43,19000000.0,73500000.0,18,0
49,4600000.0,10600000.0,24,0
48,6300000.0,11200000.0,6,1
53,17800000.0,61000000.0,12,0
38,9600000.0,83400000.0,60,0
45,6900000.0,21500000.0,18,1
34,4500000.0,5600000.0,12,0
35,5600000.0,9300000.0,24,0
62,14100000.0,149500000.0,48,0
38,9400000.0,5600000.0,12,0
35,3400000.0,3600000.0,12,0
55,7900000.0,50100000.0,36,0
34,12500000.0,23700000.0,12,0
34,9500000.0,52600000.0,18,1
37,22900000.0,166100000.0,36,0
41,7000000.0,15800000.0,6,0
30,5300000.0,9700000.0,6,1
48,3400000.0,3000000.0,6,0
26,7200000.0,21100000.0,18,0
43,6000000.0,3200000.0,12,0
38,23300000.0,76600000.0,36,0
39,12400000.0,100200000.0,24,0
47,10000000.0,28600000.0,36,0
37,4500000.0,22100000.0,24,0
41,11000000.0,18200000.0,12,0
36,7500000.0,27600000.0,36,0
28,3900000.0,4100000.0,12,0
47,19500000.0,241000000.0,36,0
28,6700000.0,27300000.0,18,1
49,9900000.0,25300000.0,12,0
32,21200000.0,84600000.0,36,0
21,6300000.0,16800000.0,24,0
38,5800000.0,43600000.0,36,0
47,12500000.0,21800000.0,12,0
36,4700000.0,13100000.0,12,0
43,12900000.0,31800000.0,36,0
47,12600000.0,31000000.0,18,0
29,11600000.0,52600000.0,24,0
40,5300000.0,10000000.0,6,0
26,3500000.0,9500000.0,18,0
31,13500000.0,97400000.0,36,1
21,4800000.0,13900000.0,24,0
43,9900000.0,27800000.0,18,0
35,4100000.0,46000000.0,60,0
39,12400000.0,85800000.0,48,0
56,5900000.0,9500000.0,18,0
31,9200000.0,43800000.0,24,0
40,8500000.0,80700000.0,24,0
52,4500000.0,26200000.0,36,1
31,9200000.0,22100000.0,12,0
44,10700000.0,41300000.0,36,0
47,24300000.0,21600000.0,6,0
33,9400000.0,115800000.0,48,0
50,13600000.0,155100000.0,36,1
54,8100000.0,40800000.0,36,0
25,16400000.0,172900000.0,48,0
27,10300000.0,57900000.0,48,0
39,6100000.0,8900000.0,12,0
32,19000000.0,68500000.0,24,0
55,7900000.0,70800000.0,36,0
43,6300000.0,16900000.0,36,0
24,18000000.0,40100000.0,60,0
22,8600000.0,65300000.0,36,0
37,29400000.0,29300000.0,12,0
27,8100000.0,10000000.0,12,0
38,7200000.0,5200000.0,24,0
26,6800000.0,23000000.0,48,0
34,5300000.0,12800000.0,36,0
35,13900000.0,108800000.0,36,0
23,17300000.0,113000000.0,36,0
31,13800000.0,27300000.0,24,0
37,3500000.0,6600000.0,12,0
26,7700000.0,44400000.0,24,1
54,3900000.0,21400000.0,48,0
39,14300000.0,29700000.0,12,0
37,9900000.0,33700000.0,12,0
42,9900000.0,7100000.0,24,0
21,6800000.0,10600000.0,36,0
33,6600000.0,26100000.0,18,0
48,10100000.0,7300000.0,6,0
26,24800000.0,109300000.0,12,0
37,9200000.0,65000000.0,36,0
50,4500000.0,17900000.0,36,0
52,3300000.0,3000000.0,6,0
48,5100000.0,15500000.0,18,0
40,6100000.0,23100000.0,18,0
40,5500000.0,27000000.0,24,0
32,5100000.0,32000000.0,24,0
35,4400000.0,3200000.0,24,0
33,6600000.0,20800000.0,18,0
35,12200000.0,106200000.0,48,0
45,10000000.0,28500000.0,24,0
30,9800000.0,23200000.0,12,0
25,4000000.0,16900000.0,18,1
26,9300000.0,83000000.0,36,1
51,6600000.0,60600000.0,48,1
21,4400000.0,14800000.0,18,1
32,7300000.0,6100000.0,6,0
35,11400000.0,22800000.0,12,1
41,6400000.0,17900000.0,48,0
28,6000000.0,43700000.0,36,0
43,5900000.0,7900000.0,12,0
29,8600000.0,27100000.0,12,0
21,12400000.0,86200000.0,24,0
47,10200000.0,43000000.0,24,0
35,16700000.0,21700000.0,36,0
29,10000000.0,11500000.0,24,0
37,7300000.0,7800000.0,24,0
54,11300000.0,63900000.0,48,0
39,12300000.0,130600000.0,36,1
51,8600000.0,3800000.0,12,0
56,5100000.0,8700000.0,24,0
34,5100000.0,13200000.0,24,0
50,8300000.0,83800000.0,36,0
32,8100000.0,55900000.0,24,1
38,9500000.0,6500000.0,18,0
31,8700000.0,7800000.0,6,0
30,10300000.0,60500000.0,24,0
44,10200000.0,33600000.0,12,1
41,7500000.0,20400000.0,18,0
36,8200000.0,38200000.0,18,0
54,5800000.0,11600000.0,36,0
41,5000000.0,42700000.0,36,0
53,10300000.0,4900000.0,6,0
46,19600000.0,105500000.0,60,0
44,11600000.0,24900000.0,24,0
31,9100000.0,37500000.0,24,1
38,5700000.0,4800000.0,12,0
39,12400000.0,121600000.0,60,0
22,6100000.0,63200000.0,36,1
40,9600000.0,7100000.0,12,0
21,4400000.0,20100000.0,48,0
48,5800000.0,20700000.0,36,0
43,3200000.0,22800000.0,36,0
43,2500000.0,17200000.0,36,0
38,7600000.0,54500000.0,36,0
24,8300000.0,34900000.0,48,0
52,16300000.0,43800000.0,24,0
51,9000000.0,38100000.0,24,0
35,4000000.0,19100000.0,24,0
42,8200000.0,47600000.0,48,0
44,6800000.0,19800000.0,12,0
21,4400000.0,48900000.0,48,0
37,14600000.0,5300000.0,12,0
49,6900000.0,11400000.0,12,0
36,8200000.0,10200000.0,18,0
55,5200000.0,10900000.0,36,0
29,7200000.0,19000000.0,36,0
50,22800000.0,16000000.0,18,0
23,5400000.0,16000000.0,18,0
32,4600000.0,18500000.0,60,0
45,10000000.0,47700000.0,60,1
54,6300000.0,9300000.0,24,0
46,9000000.0,23000000.0,24,0
42,12000000.0,23600000.0,24,0
26,3400000.0,4900000.0,24,0
37,7500000.0,40500000.0,12,0
28,4100000.0,18800000.0,24,0
37,8300000.0,13000000.0,12,0
22,7400000.0,47100000.0,60,0
27,8300000.0,6000000.0,24,0
35,9800000.0,28100000.0,36,0
37,14400000.0,24200000.0,6,0
37,4300000.0,10600000.0,12,0
21,5300000.0,7300000.0,12,0
44,4400000.0,25700000.0,36,0
38,13000000.0,184600000.0,36,1
41,15500000.0,101700000.0,24,0
30,7600000.0,49400000.0,24,1
24,6400000.0,11400000.0,36,0
47,6600000.0,42600000.0,24,0
55,2500000.0,3200000.0,24,0
29,4600000.0,3800000.0,12,0
67,4400000.0,4000000.0,12,0
35,6200000.0,35000000.0,24,0
31,5700000.0,13200000.0,18,0
21,6300000.0,37500000.0,60,0
30,4500000.0,12000000.0,24,0
40,9100000.0,30000000.0,12,0
30,4300000.0,63600000.0,48,0
48,30700000.0,32400000.0,18,0
57,10900000.0,94100000.0,60,0
35,10500000.0,58000000.0,24,1
34,7200000.0,5300000.0,6,0
47,7800000.0,27600000.0,18,0
35,14200000.0,102000000.0,24,0
51,13200000.0,52300000.0,36,0
42,5800000.0,17800000.0,24,0
35,5100000.0,13200000.0,24,0
44,13900000.0,16700000.0,12,0
49,23500000.0,111500000.0,48,0
37,8000000.0,3000000.0,6,0
35,5000000.0,3000000.0,6,0
33,14200000.0,84300000.0,24,0
36,6700000.0,65800000.0,60,0
38,7600000.0,32200000.0,18,0
47,6200000.0,37800000.0,24,0
55,3000000.0,3000000.0,12,0
23,5500000.0,19200000.0,36,0
52,3100000.0,11200000.0,36,0
31,6000000.0,71700000.0,48,0
27,6600000.0,10900000.0,48,0
41,3400000.0,33000000.0,36,0
37,7000000.0,25800000.0,24,1
31,15600000.0,23300000.0,12,0
49,17900000.0,54100000.0,24,0
23,6600000.0,9500000.0,36,0
37,3800000.0,11400000.0,36,0
23,12000000.0,28700000.0,36,0
30,33900000.0,23400000.0,12,0
40,10000000.0,64800000.0,36,0
38,5000000.0,50300000.0,48,0
36,3800000.0,24900000.0,18,1
48,6300000.0,29700000.0,36,0
21,4400000.0,13900000.0,18,0
44,8800000.0,29800000.0,24,0
31,3900000.0,3200000.0,12,0
21,5400000.0,27700000.0,24,1
21,17100000.0,154700000.0,36,0
45,14500000.0,14400000.0,12,0
30,7900000.0,34700000.0,12,1
22,3200000.0,27200000.0,36,1
21,11400000.0,86500000.0,36,1
52,7000000.0,24300000.0,24,0
42,22500000.0,13400000.0,6,0
28,8300000.0,34000000.0,36,0
50,5500000.0,20200000.0,24,0
29,7500000.0,15900000.0,24,0
30,8700000.0,39600000.0,24,0
31,6200000.0,9400000.0,48,0
42,7100000.0,14800000.0,24,0
33,10700000.0,27300000.0,18,0
33,6300000.0,16000000.0,12,0
34,8900000.0,9700000.0,36,0
54,13800000.0,39100000.0,36,0
54,12100000.0,21100000.0,6,0
45,13600000.0,28500000.0,12,0
29,13200000.0,30200000.0,24,0
39,5700000.0,3100000.0,18,0
21,8700000.0,11700000.0,24,0
40,13800000.0,249500000.0,48,0
32,6900000.0,44700000.0,60,0
45,6400000.0,34300000.0,36,0
27,8100000.0,20600000.0,36,0
33,5600000.0,11700000.0,18,0
21,3400000.0,34900000.0,36,1
56,15100000.0,72600000.0,36,0
21,17200000.0,20700000.0,24,0
48,3900000.0,34500000.0,24,1
38,6000000.0,25800000.0,24,0
41,3500000.0,5500000.0,12,0
27,7600000.0,66200000.0,36,0
35,8700000.0,32500000.0,18,0
56,14700000.0,186000000.0,36,0
60,5700000.0,19800000.0,36,0
33,6200000.0,21400000.0,36,0
50,14200000.0,15300000.0,6,0
38,3900000.0,4200000.0,36,0
27,25800000.0,113300000.0,24,1
57,2500000.0,17100000.0,24,0
69,14100000.0,64800000.0,24,0
23,8400000.0,18600000.0,12,0
29,8500000.0,41600000.0,24,0
21,6400000.0,23800000.0,48,0
31,9300000.0,100400000.0,24,0
45,9300000.0,65000000.0,60,0
45,15500000.0,54900000.0,36,0
36,9100000.0,33300000.0,24,0
26,3400000.0,24000000.0,24,1
47,10100000.0,15600000.0,12,0
49,24200000.0,16200000.0,6,0
27,3900000.0,3000000.0,12,0
50,5400000.0,14500000.0,18,0
39,17200000.0,137800000.0,36,0
41,17000000.0,61600000.0,36,0
32,5800000.0,23300000.0,24,0
21,6100000.0,47800000.0,48,0
33,4600000.0,6100000.0,24,0
52,12900000.0,5900000.0,12,0
36,16100000.0,26800000.0,12,0
32,12800000.0,13200000.0,24,0
39,7600000.0,57100000.0,60,0
30,5200000.0,3000000.0,6,0
34,7300000.0,13300000.0,18,0
32,4600000.0,25600000.0,36,0
28,19200000.0,24900000.0,6,1
54,3100000.0,8400000.0,36,0
36,14000000.0,47900000.0,24,0
56,5800000.0,16800000.0,12,0
21,14600000.0,107400000.0,60,1
35,8400000.0,40300000.0,36,0
21,10000000.0,40000000.0,24,1
44,7600000.0,30000000.0,48,0
33,10700000.0,66000000.0,24,0
52,13900000.0,39800000.0,12,0
51,21500000.0,18300000.0,12,0
52,3600000.0,15500000.0,18,0
27,10400000.0,74600000.0,36,0
29,11300000.0,39600000.0,18,1
22,12900000.0,37600000.0,24,0
25,8300000.0,61000000.0,24,1
36,12600000.0,21700000.0,6,0
39,5800000.0,34600000.0,36,0
41,8500000.0,7100000.0,12,0
43,4000000.0,22200000.0,36,0
35,7200000.0,34100000.0,36,0
34,25500000.0,189300000.0,24,0
46,29900000.0,38700000.0,24,0
42,9600000.0,39100000.0,24,0
34,4400000.0,16200000.0,24,0
38,8900000.0,23000000.0,24,0
38,16900000.0,39200000.0,12,0
32,6200000.0,3400000.0,18,0
23,4200000.0,8000000.0,24,0
52,7600000.0,3700000.0,12,0
35,11900000.0,36700000.0,24,0
41,3100000.0,3000000.0,6,0
46,21300000.0,58500000.0,18,0
50,5100000.0,8600000.0,6,0
31,4100000.0,4400000.0,36,0
44,8000000.0,33000000.0,24,0
45,14600000.0,21000000.0,48,0
38,12900000.0,33200000.0,24,0
31,9000000.0,114100000.0,36,0
46,7200000.0,16300000.0,36,0
54,6000000.0,22600000.0,24,0
41,6500000.0,26600000.0,24,0
46,7300000.0,33400000.0,24,0
46,2500000.0,29500000.0,36,1
65,7400000.0,6800000.0,12,0
36,7100000.0,16800000.0,36,0
56,18000000.0,16800000.0,24,0
68,10000000.0,12600000.0,12,0
41,8400000.0,11100000.0,6,0
41,8300000.0,22100000.0,24,0
37,17800000.0,115100000.0,24,1
24,5600000.0,48600000.0,48,1
51,4300000.0,4500000.0,6,0
29,8700000.0,4800000.0,12,0
41,8800000.0,47200000.0,36,0
21,4800000.0,13400000.0,18,0
21,7000000.0,51100000.0,36,0
37,2500000.0,18400000.0,18,1
31,14500000.0,88300000.0,60,0
42,4200000.0,3300000.0,18,0
60,6900000.0,105200000.0,60,1
21,3400000.0,8200000.0,36,0
42,5600000.0,11500000.0,12,0
41,11300000.0,12700000.0,12,0
55,15100000.0,67600000.0,24,0
39,4500000.0,17800000.0,12,1
34,7400000.0,27900000.0,18,0
38,10500000.0,8100000.0,6,0
40,7700000.0,31900000.0,24,0
24,6000000.0,57100000.0,36,0
27,9100000.0,9100000.0,6,0
28,6100000.0,5300000.0,6,0
42,8500000.0,27900000.0,36,0
25,10000000.0,33500000.0,24,0
38,6700000.0,25200000.0,24,0
41,3400000.0,8600000.0,12,0
38,5400000.0,19800000.0,24,0
39,16700000.0,18000000.0,6,0
30,7500000.0,57300000.0,36,0
32,5000000.0,16200000.0,36,0
43,22200000.0,101200000.0,24,0
37,2700000.0,3300000.0,12,0
37,2500000.0,34700000.0,48,1
36,5300000.0,52700000.0,48,0
54,9500000.0,3000000.0,6,0
21,9000000.0,63300000.0,24,1
37,4000000.0,11800000.0,24,0
63,7400000.0,40800000.0,36,0
37,10200000.0,57400000.0,36,0
50,13000000.0,42600000.0,24,0
59,32500000.0,159000000.0,36,0
25,7100000.0,5100000.0,24,0
46,13200000.0,54100000.0,24,0
21,8300000.0,32100000.0,24,0
37,3200000.0,23900000.0,36,0
55,14400000.0,33300000.0,18,0
70,6600000.0,27100000.0,24,0
43,15400000.0,87500000.0,48,0
34,4300000.0,20800000.0,60,0
48,5700000.0,22600000.0,18,0
25,9600000.0,18100000.0,12,0
42,8300000.0,58500000.0,36,0
35,12800000.0,91300000.0,60,0
30,4200000.0,6000000.0,6,0
48,7400000.0,42700000.0,24,0
47,4300000.0,21800000.0,18,1
43,5800000.0,80800000.0,60,1
31,7900000.0,33400000.0,24,0
35,12000000.0,205100000.0,60,0
34,15600000.0,87700000.0,24,0
22,5800000.0,83000000.0,48,1
29,6200000.0,20200000.0,18,1
25,10300000.0,55300000.0,36,0
52,8600000.0,9600000.0,36,0
36,6900000.0,17800000.0,36,0
44,13400000.0,45200000.0,24,0
35,11400000.0,56200000.0,60,0
41,8700000.0,14200000.0,6,0
42,23000000.0,48400000.0,36,0
26,15200000.0,8600000.0,18,0
34,2500000.0,3000000.0,6,1
40,8300000.0,57200000.0,36,0
28,6900000.0,11700000.0,12,0
36,5300000.0,16700000.0,24,0
42,6100000.0,18600000.0,18,0
51,5300000.0,10700000.0,24,0
46,6500000.0,85600000.0,60,0
33,10500000.0,7900000.0,12,0
40,10900000.0,27600000.0,24,0
21,17400000.0,148700000.0,48,0
48,9600000.0,18000000.0,24,0
57,6300000.0,28000000.0,24,0
61,4100000.0,6700000.0,18,0
40,12000000.0,112900000.0,36,0
70,4700000.0,16600000.0,24,0
42,4300000.0,22200000.0,36,0
45,12100000.0,53600000.0,36,0
21,7600000.0,44200000.0,36,0
54,13300000.0,74700000.0,36,0
37,5400000.0,38300000.0,18,1
29,17400000.0,153800000.0,36,1
27,8300000.0,38000000.0,36,0
55,6100000.0,40200000.0,36,0
31,7300000.0,54600000.0,36,0
51,9700000.0,8500000.0,18,0
36,9100000.0,21000000.0,12,0
37,5400000.0,32400000.0,36,0
44,4800000.0,8900000.0,12,0
44,7200000.0,9300000.0,12,0
24,3900000.0,17500000.0,48,1
42,7300000.0,25600000.0,12,1
35,3600000.0,5600000.0,36,0
56,17100000.0,103200000.0,36,0
29,16800000.0,17300000.0,24,0
38,15100000.0,53300000.0,24,0
35,24800000.0,34200000.0,6,0
23,17600000.0,110700000.0,48,0
23,22200000.0,85600000.0,24,0
41,9400000.0,23500000.0,24,0
54,15000000.0,40500000.0,12,0
23,18500000.0,162200000.0,60,0
52,4200000.0,15300000.0,24,0
32,5100000.0,3000000.0,6,1
37,6500000.0,5800000.0,6,1
41,15000000.0,61100000.0,18,0
37,37800000.0,500000000.0,60,0
24,3300000.0,3000000.0,6,1
35,21100000.0,198300000.0,36,0
29,15400000.0,64900000.0,18,0
42,10800000.0,92800000.0,24,0
25,17500000.0,70800000.0,36,0
42,4300000.0,11700000.0,12,0
26,10200000.0,19200000.0,12,0
23,5900000.0,11800000.0,12,0
40,18000000.0,27300000.0,12,0
55,5100000.0,16500000.0,12,0
30,2500000.0,4600000.0,24,1
53,6400000.0,22800000.0,12,0
35,4200000.0,11900000.0,12,1
64,8400000.0,35400000.0,36,0
59,3700000.0,11200000.0,12,1
30,18100000.0,44700000.0,24,0
41,17200000.0,39000000.0,24,0
38,6100000.0,41000000.0,36,0
22,5500000.0,22700000.0,48,0
37,5400000.0,12800000.0,18,1
31,3100000.0,14900000.0,24,1
32,9600000.0,38000000.0,18,0
36,8400000.0,77200000.0,48,1
21,5000000.0,6600000.0,12,0
21,9300000.0,22300000.0,24,0
34,4600000.0,3000000.0,6,0
21,14600000.0,68100000.0,36,1
39,3100000.0,20100000.0,36,1
36,2700000.0,3000000.0,36,0
35,33500000.0,268500000.0,18,0
32,15300000.0,79900000.0,36,0
53,9300000.0,20200000.0,36,0
47,12700000.0,171500000.0,48,0
21,5200000.0,52300000.0,48,0
29,7800000.0,3300000.0,12,0
22,7700000.0,19000000.0,12,1
35,13400000.0,77300000.0,24,0
60,12700000.0,47000000.0,48,0
31,5300000.0,12200000.0,36,0
37,16100000.0,24100000.0,12,0
49,14400000.0,8500000.0,6,0
31,9300000.0,22200000.0,18,0
41,4400000.0,28700000.0,24,1
27,6200000.0,34200000.0,36,0
49,5000000.0,11200000.0,18,0
31,27400000.0,285500000.0,48,0
21,15700000.0,30800000.0,36,0
42,3800000.0,24100000.0,24,0
31,14600000.0,110400000.0,36,0
42,10300000.0,16800000.0,6,0
52,5300000.0,24200000.0,18,0
40,2500000.0,27400000.0,48,1
33,11100000.0,21300000.0,18,0
54,10600000.0,13600000.0,12,0
23,2500000.0,3000000.0,24,0
54,6100000.0,11400000.0,12,0
69,7800000.0,69400000.0,36,0
39,20500000.0,113100000.0,60,0
49,9300000.0,55400000.0,36,0
25,16600000.0,13200000.0,18,0
42,14600000.0,73300000.0,36,0
34,9300000.0,32400000.0,18,0
36,4500000.0,6600000.0,12,0
30,22200000.0,62700000.0,24,0
42,11500000.0,80600000.0,48,0
28,4900000.0,8000000.0,18,0
38,24000000.0,71000000.0,12,0
43,15000000.0,129900000.0,36,0
49,3400000.0,3100000.0,24,0
29,10000000.0,96900000.0,48,0
33,10000000.0,10800000.0,36,0
36,4200000.0,23500000.0,36,0
25,20100000.0,38800000.0,24,0
48,7900000.0,24100000.0,24,0
33,6100000.0,21200000.0,24,0
48,4700000.0,66200000.0,48,0
25,19800000.0,154300000.0,36,0
39,22300000.0,104100000.0,24,0
40,4300000.0,82900000.0,48,0
60,3300000.0,3000000.0,6,0
44,6900000.0,57300000.0,24,0
52,4100000.0,18700000.0,36,0
50,9400000.0,47100000.0,24,0
48,8100000.0,54500000.0,60,0
53,7200000.0,42800000.0,36,0
31,4500000.0,38200000.0,24,1
32,24900000.0,118100000.0,24,0
46,6600000.0,20100000.0,18,0
53,6000000.0,16900000.0,36,0
47,5100000.0,18200000.0,48,0
38,22800000.0,184600000.0,18,0
42,10100000.0,34100000.0,24,0
35,10600000.0,98300000.0,36,0
25,5600000.0,30100000.0,24,1
46,9200000.0,15200000.0,24,0
30,5400000.0,31200000.0,36,0
53,2500000.0,21800000.0,60,0
42,4800000.0,6400000.0,12,0
32,7000000.0,32700000.0,24,0
40,13900000.0,28300000.0,24,0
27,4000000.0,5700000.0,6,0
43,16700000.0,29400000.0,12,0
50,3000000.0,3600000.0,12,0
33,6900000.0,70100000.0,36,0
51,8000000.0,37700000.0,36,0
51,3600000.0,6700000.0,18,0
24,3800000.0,34900000.0,36,1
33,8200000.0,15800000.0,18,0
48,10000000.0,21200000.0,12,0
30,4300000.0,8600000.0,6,1
48,4600000.0,3000000.0,6,0
21,17500000.0,9400000.0,6,0
30,13300000.0,30900000.0,12,0
21,6200000.0,3000000.0,12,0
42,7900000.0,6600000.0,12,0
30,8800000.0,104900000.0,60,1
55,7100000.0,16300000.0,6,0
29,19700000.0,30500000.0,24,0
26,9900000.0,30900000.0,60,0
35,7000000.0,53800000.0,24,1
42,4100000.0,27900000.0,24,1
51,5800000.0,25100000.0,36,0
34,3800000.0,21500000.0,18,1
52,9100000.0,92700000.0,36,0
21,16200000.0,132500000.0,36,0
21,12800000.0,30400000.0,24,0
35,14600000.0,74800000.0,24,0
25,10100000.0,4300000.0,6,0
21,7500000.0,21700000.0,48,0
28,6500000.0,44800000.0,60,0
35,8000000.0,110700000.0,48,0
46,13200000.0,36700000.0,60,0
25,5900000.0,18000000.0,36,0
36,7400000.0,35000000.0,36,0
21,6000000.0,41500000.0,48,0
21,13200000.0,53700000.0,48,0
38,6600000.0,3000000.0,6,0
42,13100000.0,16700000.0,6,0
34,9500000.0,49600000.0,36,0
38,8500000.0,70900000.0,24,1
50,8400000.0,16800000.0,24,0
32,18800000.0,31900000.0,12,0
30,6100000.0,109200000.0,48,1
43,4000000.0,18200000.0,48,0
32,4000000.0,17700000.0,18,1
21,3100000.0,4500000.0,18,0
35,11800000.0,13300000.0,24,0
36,13700000.0,50700000.0,36,0
31,14200000.0,30700000.0,24,0
37,5000000.0,25500000.0,36,0
51,14600000.0,73500000.0,24,0
46,8100000.0,3700000.0,12,0
58,4200000.0,6100000.0,18,0
35,7300000.0,6700000.0,6,0
29,9400000.0,26600000.0,24,1
32,7200000.0,21700000.0,36,0
30,9600000.0,44500000.0,36,0
26,4100000.0,28300000.0,36,1
28,15200000.0,130700000.0,36,0
25,4800000.0,15000000.0,24,0
49,9800000.0,19500000.0,18,0
49,2500000.0,3700000.0,18,0
52,4000000.0,8300000.0,18,0
26,7000000.0,21700000.0,24,0
47,11400000.0,62900000.0,36,0
36,4600000.0,22300000.0,60,0
21,6600000.0,34300000.0,36,0
37,4700000.0,11400000.0,18,0
60,5700000.0,46700000.0,24,1
27,17800000.0,12700000.0,18,0
40,7800000.0,8300000.0,12,0
61,8100000.0,14000000.0,24,0
25,5300000.0,18100000.0,12,1
48,3700000.0,11600000.0,60,0
48,17900000.0,40100000.0,60,0
32,2500000.0,11600000.0,36,0
48,2500000.0,8300000.0,60,0
50,3800000.0,37400000.0,60,0
24,7700000.0,28600000.0,18,0
47,28200000.0,62800000.0,60,0
21,10300000.0,127900000.0,36,0
35,12100000.0,31800000.0,36,0
44,6000000.0,35500000.0,36,0
28,12000000.0,76200000.0,48,0
30,6600000.0,35400000.0,36,0
49,3400000.0,30500000.0,48,1
41,10200000.0,117700000.0,48,0
57,2500000.0,6400000.0,12,0
67,4700000.0,23300000.0,36,1
43,6100000.0,24600000.0,24,0
46,7700000.0,14400000.0,12,0
48,8700000.0,17500000.0,12,0
23,4700000.0,3000000.0,12,0
46,14000000.0,68200000.0,12,0
21,23500000.0,85500000.0,24,1
44,5200000.0,5400000.0,12,0
40,6600000.0,17000000.0,24,0
38,5800000.0,40800000.0,24,1
37,11100000.0,56000000.0,60,0
31,6800000.0,12400000.0,18,0
44,7500000.0,40200000.0,48,0
30,13500000.0,64100000.0,24,0
44,26900000.0,172500000.0,48,0
27,22200000.0,8000000.0,12,0
45,4300000.0,12400000.0,12,0
34,19000000.0,347600000.0,48,0
41,9200000.0,8800000.0,6,0
37,7800000.0,50700000.0,36,0
39,11900000.0,86800000.0,36,0
49,8400000.0,7900000.0,12,0
46,17100000.0,80700000.0,36,0
34,4400000.0,4800000.0,12,0
53,6000000.0,56700000.0,36,0
53,10500000.0,5600000.0,18,0
39,7900000.0,49900000.0,18,1
48,16300000.0,182200000.0,48,0
42,12400000.0,63800000.0,24,0
27,20500000.0,22900000.0,36,0
33,9200000.0,67700000.0,60,1
57,3200000.0,7000000.0,18,0
54,4300000.0,42700000.0,36,1
25,9500000.0,147000000.0,48,1
42,5200000.0,3000000.0,6,0
39,10300000.0,44600000.0,36,0
40,18600000.0,29800000.0,48,0
23,5400000.0,8600000.0,24,0
33,5500000.0,27200000.0,36,0
32,11100000.0,64300000.0,36,0
43,12100000.0,32300000.0,18,0
22,5100000.0,7400000.0,48,0
28,12300000.0,29400000.0,18,0
38,11100000.0,134900000.0,48,0
34,2500000.0,31300000.0,60,0
34,9300000.0,31700000.0,36,1
33,14300000.0,10400000.0,24,0
28,4800000.0,15400000.0,24,0
26,8700000.0,33500000.0,36,1
60,6600000.0,5400000.0,12,0
38,8400000.0,31600000.0,60,0
33,16000000.0,51000000.0,18,0
26,4700000.0,19400000.0,18,0
26,8100000.0,32400000.0,24,0
33,6400000.0,40100000.0,36,0
43,10200000.0,47900000.0,24,0
51,3300000.0,9900000.0,24,0
31,9600000.0,10400000.0,36,0
30,6100000.0,90300000.0,48,1
63,7300000.0,32900000.0,48,0
27,14000000.0,66000000.0,48,0
42,5100000.0,15300000.0,60,0
43,10400000.0,89900000.0,48,0
21,10500000.0,16300000.0,18,0
49,11700000.0,171700000.0,48,0
48,2500000.0,5800000.0,12,0
58,5300000.0,5700000.0,36,0
36,9400000.0,24800000.0,24,0
36,6000000.0,6000000.0,6,0
50,5800000.0,21300000.0,24,0
34,9200000.0,79100000.0,24,0
44,4700000.0,3000000.0,12,0
27,7400000.0,41500000.0,36,0
31,12300000.0,8600000.0,12,0
26,3500000.0,3900000.0,36,0
40,3600000.0,16000000.0,36,0
50,10500000.0,45000000.0,36,0
36,4300000.0,3000000.0,12,0
21,5900000.0,6000000.0,6,0
61,14900000.0,56800000.0,12,0
35,22400000.0,15000000.0,12,0
36,29000000.0,22400000.0,12,0
53,15600000.0,36600000.0,12,0
42,10800000.0,50000000.0,24,0
43,12300000.0,8200000.0,12,0
26,7400000.0,13000000.0,12,0
34,4400000.0,3800000.0,6,0
36,4700000.0,20300000.0,18,1
49,21500000.0,170000000.0,24,0
21,4800000.0,18900000.0,36,1
52,6400000.0,41900000.0,36,1
39,4500000.0,8800000.0,48,0
35,6700000.0,40600000.0,36,0
34,18000000.0,23200000.0,24,0
46,5600000.0,3000000.0,6,0
41,11400000.0,69200000.0,24,0
38,13500000.0,74500000.0,36,0
34,10100000.0,30200000.0,36,0
47,13100000.0,12700000.0,12,0
24,4200000.0,5200000.0,6,1
46,3200000.0,6700000.0,24,0
45,4500000.0,14400000.0,24,1
35,6300000.0,3400000.0,6,0
40,2500000.0,3500000.0,12,0
59,10500000.0,136300000.0,60,0
35,19200000.0,38400000.0,60,0
43,11400000.0,16600000.0,12,0
51,7100000.0,59500000.0,48,1
30,11000000.0,24000000.0,36,0
51,7300000.0,86900000.0,36,0
68,6100000.0,5000000.0,18,0
56,3400000.0,8600000.0,36,0
44,7700000.0,9400000.0,18,0
41,13400000.0,153600000.0,36,0
41,7500000.0,15800000.0,18,0
36,8300000.0,9100000.0,12,0
45,4700000.0,3700000.0,12,0
29,6800000.0,10700000.0,12,0
21,7000000.0,8100000.0,12,0
39,3300000.0,17500000.0,36,1
33,8600000.0,23500000.0,24,0
38,2500000.0,3500000.0,24,0
44,3400000.0,3300000.0,18,0
44,10800000.0,8700000.0,6,0
25,17000000.0,10100000.0,6,1
35,4400000.0,7000000.0,12,0
49,7800000.0,22000000.0,48,0
31,8200000.0,10400000.0,12,0
39,8500000.0,18900000.0,48,0
41,3000000.0,3000000.0,12,0
48,17000000.0,148500000.0,36,0
47,13800000.0,73200000.0,48,0
41,3500000.0,6600000.0,36,0
35,5100000.0,31900000.0,36,0
39,29200000.0,51800000.0,18,0
21,5700000.0,48000000.0,36,1
31,9300000.0,90100000.0,36,0
21,14100000.0,11500000.0,6,0
29,14200000.0,4800000.0,6,0
38,9600000.0,23300000.0,24,0
40,15500000.0,116600000.0,36,0
38,6000000.0,38800000.0,24,0
25,6600000.0,91800000.0,60,0
42,13800000.0,38300000.0,24,0
33,6300000.0,31300000.0,48,0
42,9300000.0,12800000.0,6,0
48,9300000.0,53100000.0,24,0
41,12900000.0,24100000.0,18,0
33,4000000.0,12300000.0,36,0
58,3500000.0,3700000.0,36,0
44,25600000.0,91000000.0,36,0
38,5600000.0,41500000.0,36,1
48,9500000.0,7200000.0,12,0
29,25500000.0,110300000.0,36,0
38,5800000.0,13500000.0,12,0
41,2500000.0,9900000.0,24,1
28,12800000.0,73600000.0,36,0
37,4100000.0,34900000.0,36,1
48,9900000.0,18700000.0,6,0
33,5000000.0,20600000.0,24,0
33,5800000.0,13700000.0,12,0
39,5300000.0,5600000.0,24,0
47,6100000.0,11000000.0,12,0
49,10800000.0,61500000.0,24,0
37,4900000.0,6500000.0,24,0
21,3900000.0,13600000.0,24,0
31,8100000.0,37800000.0,12,1
44,8600000.0,64600000.0,36,0
40,4500000.0,25700000.0,48,1
21,7300000.0,42500000.0,36,0
44,3700000.0,14200000.0,24,0
49,8800000.0,16900000.0,36,0
65,6300000.0,109400000.0,48,1
52,8900000.0,17800000.0,12,0
47,7000000.0,23900000.0,36,0
37,2500000.0,19600000.0,24,0
41,14000000.0,26300000.0,24,0
47,11900000.0,41900000.0,12,0
54,6600000.0,32100000.0,36,0
59,10600000.0,51200000.0,48,0
61,5400000.0,57200000.0,48,0
31,6700000.0,78400000.0,36,0
35,6500000.0,23700000.0,48,0
27,8800000.0,23700000.0,12,0
51,9000000.0,87800000.0,60,0
41,5900000.0,17500000.0,24,0
44,5800000.0,17500000.0,12,0
42,7100000.0,27300000.0,60,0
51,8800000.0,35800000.0,48,0
23,4000000.0,11600000.0,18,0
43,8100000.0,7700000.0,12,0
58,7600000.0,21300000.0,24,0
21,7400000.0,3100000.0,6,0
45,16100000.0,86600000.0,18,0
34,10000000.0,38500000.0,12,0
36,5600000.0,30100000.0,24,0
50,6000000.0,46800000.0,48,0
58,7500000.0,6100000.0,12,0
46,5600000.0,6900000.0,18,0
26,5700000.0,65100000.0,36,0
31,17200000.0,14100000.0,6,0
47,14400000.0,18900000.0,6,0
46,3300000.0,11800000.0,60,0
47,12900000.0,55300000.0,36,0
34,20200000.0,27400000.0,12,0
48,3000000.0,10600000.0,24,1
21,7000000.0,26700000.0,12,1
46,9700000.0,15300000.0,18,0
40,9100000.0,51100000.0,36,0
33,11800000.0,45200000.0,18,0
35,6000000.0,22300000.0,48,0
42,4700000.0,13900000.0,24,0
41,16700000.0,17900000.0,12,0
38,15500000.0,48000000.0,18,0
35,10400000.0,39600000.0,12,0
48,8900000.0,55900000.0,24,0
22,6900000.0,66200000.0,36,0
29,11800000.0,16400000.0,6,0
36,9500000.0,63600000.0,60,0
36,22100000.0,95400000.0,24,0
34,7000000.0,14400000.0,24,0
37,8400000.0,42700000.0,36,0
29,23300000.0,104000000.0,60,0
41,7300000.0,58700000.0,24,0
32,7400000.0,13800000.0,24,1
23,14300000.0,77400000.0,12,0
28,4900000.0,30200000.0,36,0
21,11300000.0,48200000.0,36,0
39,5000000.0,3200000.0,6,0
42,8400000.0,18800000.0,48,0
26,20300000.0,42300000.0,24,0
29,10400000.0,15600000.0,24,0
40,14700000.0,90900000.0,24,1
29,2700000.0,17300000.0,36,0
45,10800000.0,10900000.0,6,0
41,9000000.0,20900000.0,12,0
21,3800000.0,16800000.0,36,0
51,17100000.0,38500000.0,12,0
47,13800000.0,85500000.0,18,0
23,7700000.0,36700000.0,24,0
41,6100000.0,43800000.0,24,0
26,26100000.0,157200000.0,24,0
38,5300000.0,12900000.0,24,0
57,7600000.0,60900000.0,36,1
55,12000000.0,37800000.0,12,0
39,12800000.0,31900000.0,48,0
21,5100000.0,19200000.0,24,1
22,2500000.0,27300000.0,48,0
50,5100000.0,27300000.0,36,0
23,10500000.0,14100000.0,36,0
33,6900000.0,14800000.0,12,0
38,4000000.0,10500000.0,18,0
57,3500000.0,22400000.0,18,1
46,8900000.0,57100000.0,36,0
42,26200000.0,9400000.0,12,0
56,5900000.0,21900000.0,12,0
21,17000000.0,12200000.0,24,0
52,6200000.0,13100000.0,48,0
60,5000000.0,20900000.0,48,0
36,3900000.0,29600000.0,36,0
45,31700000.0,120100000.0,24,0
34,9800000.0,9600000.0,18,0
59,17800000.0,113300000.0,36,0
41,12800000.0,114500000.0,36,0
32,8400000.0,20000000.0,12,0
45,6900000.0,7500000.0,36,0
33,8500000.0,10500000.0,18,0
39,16500000.0,32700000.0,24,0
36,14900000.0,46500000.0,24,0
51,4300000.0,12900000.0,24,0
40,10500000.0,87700000.0,36,0
39,6300000.0,12100000.0,18,0
39,3700000.0,16800000.0,36,1
30,3600000.0,14400000.0,36,0
43,2900000.0,5600000.0,24,0
23,12400000.0,65300000.0,60,0
51,11100000.0,40700000.0,24,1
28,8200000.0,15600000.0,18,0
44,20600000.0,246800000.0,48,0
26,5800000.0,86300000.0,60,0
56,7000000.0,7200000.0,24,0
49,7700000.0,58000000.0,36,0
24,32700000.0,96500000.0,24,0
21,6900000.0,54400000.0,36,0
23,6300000.0,39500000.0,24,0
41,7300000.0,19500000.0,18,0
21,22100000.0,165200000.0,24,0
46,6700000.0,3000000.0,12,0
51,5100000.0,24600000.0,24,0
59,7600000.0,102300000.0,48,0
28,9700000.0,16000000.0,12,0
31,8100000.0,74500000.0,60,0
55,8200000.0,17400000.0,12,0
33,5200000.0,3000000.0,6,0
30,7900000.0,14400000.0,12,0
42,14400000.0,7900000.0,12,0
38,14300000.0,33000000.0,36,0
30,20200000.0,38700000.0,24,0
21,4200000.0,15100000.0,12,1
21,16000000.0,42500000.0,18,0
56,13600000.0,21400000.0,12,0
43,8300000.0,78400000.0,48,0
30,6500000.0,25600000.0,18,0
39,10600000.0,56400000.0,36,0
48,12800000.0,39100000.0,18,0
35,6100000.0,47300000.0,60,1
46,9400000.0,7300000.0,12,0
52,8800000.0,30000000.0,36,0
28,8200000.0,9900000.0,12,1
22,3000000.0,3300000.0,36,0
48,3600000.0,5800000.0,24,0
50,5900000.0,16200000.0,36,0
37,11000000.0,58400000.0,36,0
51,5500000.0,12900000.0,18,0
58,8700000.0,39300000.0,18,0
34,8200000.0,26400000.0,12,0
38,5500000.0,13200000.0,12,0
42,8200000.0,9500000.0,6,0
46,11200000.0,40100000.0,36,0
55,3300000.0,26300000.0,48,0
42,17900000.0,12900000.0,6,0
46,4800000.0,18600000.0,24,0
21,12900000.0,151500000.0,36,1
39,4000000.0,12900000.0,18,0
29,5300000.0,3000000.0,12,0
23,4700000.0,10900000.0,18,0
58,8600000.0,20500000.0,12,0
33,5700000.0,6700000.0,18,0
26,13900000.0,11100000.0,12,0
32,7100000.0,72800000.0,48,0
51,6500000.0,28300000.0,12,1
32,20500000.0,63300000.0,24,0
61,7000000.0,35300000.0,36,0
45,8900000.0,31400000.0,24,0
35,6700000.0,64300000.0,24,0
34,5000000.0,22400000.0,36,0
26,15800000.0,12800000.0,6,0
58,13700000.0,22000000.0,36,0
31,12600000.0,157400000.0,48,0
45,5800000.0,28200000.0,18,1
28,33500000.0,210300000.0,36,0
26,10400000.0,69000000.0,60,1
33,32700000.0,56500000.0,36,0
42,6200000.0,21800000.0,24,0
35,6300000.0,34100000.0,18,0
21,6000000.0,4900000.0,12,0
45,5900000.0,26300000.0,36,0
50,24300000.0,238000000.0,36,0
34,6900000.0,105700000.0,60,0
60,8400000.0,36700000.0,36,0
23,21300000.0,138500000.0,24,1
47,6400000.0,6100000.0,6,0
65,6200000.0,38100000.0,24,0
50,6000000.0,56800000.0,48,0
35,7300000.0,42900000.0,24,0
21,16900000.0,69000000.0,36,0
51,4000000.0,13900000.0,18,0
43,7300000.0,13900000.0,24,0
34,7100000.0,19600000.0,24,0
31,10800000.0,57600000.0,36,0
55,11600000.0,49400000.0,24,0
37,4200000.0,11700000.0,36,0
36,7000000.0,5000000.0,24,0
43,8800000.0,37300000.0,24,0
43,10400000.0,10900000.0,6,0
25,2500000.0,9400000.0,48,0
57,13100000.0,58200000.0,36,0
48,7800000.0,52200000.0,24,0
47,8300000.0,39700000.0,36,0
57,9100000.0,20700000.0,18,0
24,6200000.0,30800000.0,18,0
40,5900000.0,19400000.0,24,0
45,7400000.0,28400000.0,24,0
41,4700000.0,15900000.0,36,0
36,2500000.0,4400000.0,24,0
31,6700000.0,7200000.0,6,0
40,9100000.0,76300000.0,48,0
35,9000000.0,14200000.0,18,0
41,5900000.0,52000000.0,36,0
21,7900000.0,13300000.0,6,0
29,12400000.0,17700000.0,12,0
52,10900000.0,14800000.0,36,0
36,7000000.0,23300000.0,24,0
27,10200000.0,35700000.0,24,0
35,6200000.0,3900000.0,6,0
36,9700000.0,79100000.0,48,0
37,12200000.0,20600000.0,12,0
39,3500000.0,4000000.0,12,0
43,10000000.0,62300000.0,24,0
39,11100000.0,70000000.0,36,0
28,10000000.0,53300000.0,24,0
21,9700000.0,10700000.0,6,0
51,10300000.0,5500000.0,18,0
59,10700000.0,18700000.0,48,0
45,13000000.0,22100000.0,12,0
43,7500000.0,8600000.0,6,0
37,9600000.0,46000000.0,24,0
39,11300000.0,52800000.0,24,0
46,3100000.0,4700000.0,24,0
44,11600000.0,22500000.0,18,0
36,6500000.0,35300000.0,36,0
31,4800000.0,20300000.0,36,0
41,12400000.0,24100000.0,6,0
56,4100000.0,37500000.0,48,0
44,4600000.0,43300000.0,24,0
23,5900000.0,5900000.0,12,0
47,5800000.0,26400000.0,24,0
34,11000000.0,35300000.0,48,0
36,28200000.0,43300000.0,12,0
24,3100000.0,3400000.0,36,0
34,6100000.0,25500000.0,24,0
21,21500000.0,133500000.0,24,0
21,3300000.0,8800000.0,24,0
35,4500000.0,20300000.0,24,0
33,4500000.0,15300000.0,36,0
37,12400000.0,109500000.0,36,0
42,3600000.0,13300000.0,18,0
27,27200000.0,29300000.0,36,0
31,8900000.0,105700000.0,48,0
48,17100000.0,75400000.0,36,0
35,5400000.0,12000000.0,18,0
34,3400000.0,6700000.0,24,0
55,8300000.0,53100000.0,36,0
46,7100000.0,40900000.0,36,0
33,10100000.0,50000000.0,18,0
36,6400000.0,9400000.0,6,1
33,24100000.0,197200000.0,48,0
37,4600000.0,17800000.0,36,0
58,29100000.0,145400000.0,36,0
29,19100000.0,24900000.0,24,0
47,19400000.0,65900000.0,36,0
42,14600000.0,40900000.0,12,0
42,2500000.0,5200000.0,24,0
27,15000000.0,59300000.0,24,0
31,8700000.0,32800000.0,12,0
52,14600000.0,21600000.0,12,0
37,4400000.0,4600000.0,24,0
31,9100000.0,24000000.0,12,0
26,6500000.0,13700000.0,12,0
55,19500000.0,22300000.0,6,0
41,7000000.0,17100000.0,36,0
39,6200000.0,11300000.0,12,0
54,5600000.0,8600000.0,24,0
37,4100000.0,6000000.0,36,0
21,14200000.0,10400000.0,12,0
23,6500000.0,90800000.0,36,0
44,5300000.0,16500000.0,12,0
35,13800000.0,26900000.0,12,0
40,10600000.0,38900000.0,36,0
21,11600000.0,47000000.0,36,0
70,4000000.0,32100000.0,36,0
46,5200000.0,4900000.0,12,0
36,8300000.0,96000000.0,48,0
37,16200000.0,40400000.0,36,0
52,11500000.0,65700000.0,24,0
38,23500000.0,25400000.0,36,0
47,5200000.0,11100000.0,12,0
36,6200000.0,14100000.0,24,0
21,8600000.0,11200000.0,12,0
41,4200000.0,30700000.0,60,0
47,4700000.0,15900000.0,12,1
43,6300000.0,75200000.0,48,0
60,5100000.0,11300000.0,24,0
45,5600000.0,15800000.0,48,0
41,4500000.0,7400000.0,6,0
40,8800000.0,9700000.0,12,0
38,10600000.0,24000000.0,36,0
21,10900000.0,3000000.0,6,0
27,11500000.0,8000000.0,12,0
53,26600000.0,157400000.0,48,0
50,5600000.0,25400000.0,36,1
52,5700000.0,39400000.0,24,1
38,7700000.0,21400000.0,24,0
50,9300000.0,12600000.0,24,0
44,16700000.0,155400000.0,24,0
34,5600000.0,3900000.0,6,0
31,4800000.0,5800000.0,18,0
46,25600000.0,85800000.0,24,0
48,10900000.0,29700000.0,36,0
36,16000000.0,78400000.0,24,0
41,13300000.0,10700000.0,6,0
37,16300000.0,63000000.0,12,0
52,7700000.0,30500000.0,36,0
44,12900000.0,46400000.0,24,0
27,20200000.0,90000000.0,24,0
42,9700000.0,136000000.0,48,0
21,4700000.0,4900000.0,12,0
49,11200000.0,129100000.0,36,0
41,5600000.0,21700000.0,24,0
61,9500000.0,31000000.0,24,0
47,16200000.0,34600000.0,24,0
30,2600000.0,3500000.0,12,0
21,14300000.0,33500000.0,24,0
39,27100000.0,500000000.0,48,0
21,12600000.0,37500000.0,24,0
23,8100000.0,7000000.0,12,0
39,5800000.0,19100000.0,48,0
47,18500000.0,68600000.0,24,0
49,22800000.0,65000000.0,12,0
21,15200000.0,5500000.0,12,0
47,4800000.0,9400000.0,6,0
35,8100000.0,44100000.0,36,0
25,3700000.0,21300000.0,48,0
44,10200000.0,26000000.0,24,0
36,8600000.0,18600000.0,36,0
36,4500000.0,12300000.0,24,0
36,5600000.0,15800000.0,12,0
29,7500000.0,60000000.0,36,1
40,7800000.0,49300000.0,24,1
28,3700000.0,26900000.0,24,0
35,7500000.0,3000000.0,6,0
42,18600000.0,20100000.0,36,0
41,6300000.0,12300000.0,6,1
56,11000000.0,30500000.0,18,0
28,10200000.0,85800000.0,24,0
60,4100000.0,14800000.0,12,0
42,10600000.0,47200000.0,24,0
35,12700000.0,85400000.0,24,0
47,8900000.0,3200000.0,12,0
40,12400000.0,23400000.0,12,0
38,4500000.0,9300000.0,12,0
40,9500000.0,13700000.0,48,0
31,9800000.0,29600000.0,12,0
36,8900000.0,8700000.0,12,0
39,7400000.0,55100000.0,24,0
46,7000000.0,21600000.0,12,1
31,10500000.0,40500000.0,24,1
37,14200000.0,61700000.0,24,0
22,6800000.0,19100000.0,12,1
31,5100000.0,19200000.0,12,0
42,9800000.0,12300000.0,24,0
59,17800000.0,31200000.0,24,0
60,20500000.0,65000000.0,48,0
51,10100000.0,57100000.0,24,0
43,7600000.0,51400000.0,36,0
39,15200000.0,54000000.0,12,0
21,3200000.0,5600000.0,18,0
26,2700000.0,8500000.0,12,1
21,14800000.0,13100000.0,6,0
43,9300000.0,138200000.0,60,0
36,3100000.0,14600000.0,18,0
59,3900000.0,12700000.0,36,0
23,11100000.0,66700000.0,18,0
33,29000000.0,213700000.0,48,0
29,3400000.0,47000000.0,36,1
27,2500000.0,18900000.0,24,1
61,12300000.0,104700000.0,36,0
47,5300000.0,16200000.0,24,0
50,4500000.0,48900000.0,48,1
23,12100000.0,86300000.0,24,0
44,7200000.0,62300000.0,36,0
38,9900000.0,7500000.0,24,0
49,8200000.0,44600000.0,24,1
34,5500000.0,29300000.0,24,0
36,7100000.0,22800000.0,18,0
41,5500000.0,22800000.0,36,0
32,6000000.0,11800000.0,24,0
23,13500000.0,65000000.0,18,0
24,3600000.0,11100000.0,24,0
53,5600000.0,8100000.0,48,0
42,3900000.0,8600000.0,24,0
34,21300000.0,253300000.0,48,1
39,6900000.0,3400000.0,6,0
37,14100000.0,125800000.0,48,0
43,6800000.0,27300000.0,12,0
50,4300000.0,7600000.0,36,0
48,6700000.0,9700000.0,48,0
40,7100000.0,4400000.0,12,0
42,7200000.0,8600000.0,18,0
44,4000000.0,12200000.0,12,0
32,18700000.0,42200000.0,18,0
34,6200000.0,53700000.0,36,1
51,3600000.0,14400000.0,24,0
36,8400000.0,49300000.0,60,0
27,7600000.0,11700000.0,24,0
47,11700000.0,87100000.0,36,0
41,13300000.0,79600000.0,24,0
37,11600000.0,29000000.0,24,0
53,7800000.0,42600000.0,24,0
27,11500000.0,36400000.0,24,0
32,8000000.0,27800000.0,12,0
31,13100000.0,189000000.0,36,1
39,9300000.0,75400000.0,36,0
52,16800000.0,115800000.0,24,0
32,9500000.0,6800000.0,24,0
38,7400000.0,48100000.0,36,0
36,7800000.0,23600000.0,36,0
21,10900000.0,25000000.0,12,0
42,15000000.0,49000000.0,36,0
46,15800000.0,128600000.0,36,0
33,4600000.0,16900000.0,36,0
46,6600000.0,15400000.0,24,0
50,2500000.0,3000000.0,12,0
26,3200000.0,7700000.0,18,0
37,6400000.0,6900000.0,36,0
35,5500000.0,49500000.0,48,1
26,4700000.0,6300000.0,12,0
47,24300000.0,44300000.0,18,0
25,11600000.0,67700000.0,24,0
21,5500000.0,16800000.0,24,0
43,7800000.0,72700000.0,36,0
27,3600000.0,7900000.0,12,0
34,5000000.0,30700000.0,24,0
29,3200000.0,3200000.0,12,0
35,7200000.0,9100000.0,12,0
22,4000000.0,4600000.0,6,1
23,4400000.0,9400000.0,24,0
37,11600000.0,77900000.0,24,1
30,9000000.0,107800000.0,36,1
31,8300000.0,53200000.0,36,0
42,7500000.0,20400000.0,12,0
58,3400000.0,3700000.0,12,1
39,4500000.0,22500000.0,24,0
45,5200000.0,5700000.0,12,0
46,11600000.0,7700000.0,6,0
30,4100000.0,10800000.0,12,1
44,5200000.0,22800000.0,36,0
41,11800000.0,10600000.0,12,0
41,9500000.0,45700000.0,48,0
29,7800000.0,7600000.0,18,0
51,12300000.0,36400000.0,18,0
32,12400000.0,19100000.0,18,0
50,2800000.0,14800000.0,36,0
22,5200000.0,15400000.0,36,0
44,8400000.0,44500000.0,36,0
37,8100000.0,16400000.0,24,0
30,7400000.0,107500000.0,36,1
45,5400000.0,12500000.0,12,0
31,5300000.0,3000000.0,6,0
25,16600000.0,218700000.0,60,0
41,9000000.0,67400000.0,36,0
52,9300000.0,75100000.0,36,0
41,17000000.0,219800000.0,36,0
37,8900000.0,80400000.0,24,0
33,10100000.0,30600000.0,48,0
33,6700000.0,40400000.0,36,0
32,5200000.0,12200000.0,48,0
29,14900000.0,66200000.0,24,1
41,3300000.0,11800000.0,12,1
25,7200000.0,42700000.0,36,0
32,13900000.0,32100000.0,48,0
70,10800000.0,5800000.0,12,0
40,22800000.0,56600000.0,12,0
44,16000000.0,42800000.0,12,0
40,4000000.0,15600000.0,48,0
25,6000000.0,29900000.0,24,1
58,4800000.0,16500000.0,24,0
37,7100000.0,3000000.0,6,0
27,18900000.0,148200000.0,48,0
47,7200000.0,36900000.0,36,0
35,5800000.0,17200000.0,12,0
34,4300000.0,4600000.0,36,0
41,6700000.0,25200000.0,24,0
29,3700000.0,23400000.0,36,0
55,14000000.0,10900000.0,24,0
56,9100000.0,86500000.0,36,0
45,5700000.0,8800000.0,12,0
21,4600000.0,23100000.0,18,1
60,18900000.0,20400000.0,36,0
34,4300000.0,16800000.0,24,0
32,16500000.0,22100000.0,6,0
42,3700000.0,18400000.0,36,0
30,10300000.0,17400000.0,24,0
33,3600000.0,6400000.0,6,0
23,10000000.0,88400000.0,36,1
56,22300000.0,85600000.0,36,0
45,14200000.0,45500000.0,60,0
40,4800000.0,7700000.0,18,0
49,8000000.0,9200000.0,6,0
34,5800000.0,3000000.0,6,0
46,7300000.0,16300000.0,12,0
29,9500000.0,18900000.0,24,0
39,6300000.0,19700000.0,12,0
43,15400000.0,120400000.0,36,0
31,5400000.0,26600000.0,24,0
33,9800000.0,7100000.0,24,0
41,14000000.0,60600000.0,24,0
25,9900000.0,77500000.0,36,0
21,5000000.0,36400000.0,60,0
37,13500000.0,84200000.0,36,0
54,6700000.0,57800000.0,36,1
43,6300000.0,22600000.0,24,0
21,6000000.0,15200000.0,48,0
40,7800000.0,32200000.0,36,0
44,5600000.0,12800000.0,48,0
34,13400000.0,18500000.0,12,0
46,3200000.0,19700000.0,36,0
47,7800000.0,24200000.0,36,0
45,9100000.0,29100000.0,24,0
39,6300000.0,27500000.0,24,0
44,5300000.0,3000000.0,12,0
42,13100000.0,45400000.0,18,0
27,9300000.0,46600000.0,36,0
62,12700000.0,180700000.0,48,1
30,7600000.0,96000000.0,36,1
34,22000000.0,25800000.0,24,0
37,5100000.0,5500000.0,6,0
33,9700000.0,17200000.0,24,0
47,6200000.0,27200000.0,24,1
25,30200000.0,26600000.0,6,0
36,13800000.0,34100000.0,12,0
57,7600000.0,3100000.0,12,0
39,10600000.0,68700000.0,24,0
34,5900000.0,38000000.0,36,0
39,14300000.0,22700000.0,18,0
36,23100000.0,52100000.0,18,0
58,10300000.0,73200000.0,48,0
52,3200000.0,12500000.0,12,1
36,7600000.0,8800000.0,12,0
21,6500000.0,8500000.0,6,0
55,3600000.0,8800000.0,12,0
48,2700000.0,5000000.0,12,0
51,6500000.0,45300000.0,24,0
70,2500000.0,18500000.0,36,1
42,6600000.0,46400000.0,24,0
45,8900000.0,50200000.0,36,0
38,7800000.0,6900000.0,6,0
35,6100000.0,6400000.0,12,0
21,9100000.0,17600000.0,24,0
44,13500000.0,47900000.0,36,0
39,5700000.0,23800000.0,24,0
42,6900000.0,6500000.0,6,0
39,7500000.0,12900000.0,24,0
42,8700000.0,53500000.0,36,0
21,10800000.0,62900000.0,24,0
21,2600000.0,22100000.0,24,1
39,6700000.0,69300000.0,36,1
37,13800000.0,11700000.0,6,0
29,5100000.0,21100000.0,18,0
26,8700000.0,39000000.0,48,0
27,9100000.0,22100000.0,12,1
29,3600000.0,3700000.0,6,0
35,9200000.0,131000000.0,48,0
30,2500000.0,15800000.0,36,0
42,9800000.0,3000000.0,6,0
33,16400000.0,64900000.0,18,0
54,12400000.0,11600000.0,24,0
43,7400000.0,26700000.0,36,0
36,21200000.0,147400000.0,60,0
52,12800000.0,18200000.0,12,0
21,6500000.0,24200000.0,36,0
39,4500000.0,7200000.0,24,0
38,8200000.0,64600000.0,36,0
21,4400000.0,15200000.0,24,0
25,8500000.0,94100000.0,48,1
50,16700000.0,259600000.0,60,0
57,5200000.0,10600000.0,6,0
34,3900000.0,67700000.0,48,0
43,17100000.0,23400000.0,24,0
39,8200000.0,18200000.0,18,0
42,11000000.0,7900000.0,24,0
26,6700000.0,68000000.0,36,0
28,9600000.0,12100000.0,12,0
29,3600000.0,14900000.0,18,0
40,8700000.0,3200000.0,6,0
50,12500000.0,32200000.0,12,0
39,17400000.0,31400000.0,24,0
46,7800000.0,42900000.0,24,0
31,6300000.0,27800000.0,24,0
27,12900000.0,33200000.0,24,0
41,13900000.0,51300000.0,12,0
40,5800000.0,23900000.0,24,0
21,8700000.0,37700000.0,24,0
43,5300000.0,9700000.0,24,0
27,10500000.0,30600000.0,24,0
41,6500000.0,4700000.0,24,0
38,18200000.0,39100000.0,24,0
39,11700000.0,98000000.0,60,1
35,17700000.0,19800000.0,12,0
39,19100000.0,17500000.0,12,0
50,12000000.0,82700000.0,24,1
49,13900000.0,90700000.0,48,0
21,8600000.0,19500000.0,24,0
21,4000000.0,10700000.0,24,0
66,7300000.0,26600000.0,18,0
37,5300000.0,3000000.0,12,0
21,9300000.0,28000000.0,24,0
32,4200000.0,21000000.0,36,0
43,8700000.0,4200000.0,12,0
37,3800000.0,9200000.0,12,0
22,13800000.0,373900000.0,60,0
56,6700000.0,14000000.0,18,0
63,9800000.0,25400000.0,24,0
44,14300000.0,175100000.0,48,0
21,5700000.0,16500000.0,12,0
34,16800000.0,36800000.0,36,0
23,7100000.0,14300000.0,12,0
21,8900000.0,106700000.0,48,0
42,10700000.0,31200000.0,24,0
50,12800000.0,22000000.0,12,0
33,6200000.0,53200000.0,24,1
45,8500000.0,14100000.0,12,0
39,8100000.0,13300000.0,24,0
34,5500000.0,7000000.0,24,0
33,13000000.0,28400000.0,24,0
21,5900000.0,21400000.0,36,0
39,3400000.0,45700000.0,60,0
40,5700000.0,19100000.0,24,0
25,4900000.0,14600000.0,48,0
48,7300000.0,11000000.0,12,0
43,9300000.0,74700000.0,36,0
33,5000000.0,23900000.0,24,0
36,2500000.0,7500000.0,36,0
22,37300000.0,280200000.0,18,0
40,4000000.0,16300000.0,36,0
54,4700000.0,6000000.0,18,0
28,5600000.0,21000000.0,12,0
34,10700000.0,48700000.0,24,0
50,9900000.0,6900000.0,12,0
56,6100000.0,19500000.0,48,0
42,4300000.0,4600000.0,36,0
28,9000000.0,63900000.0,24,1
30,5200000.0,31000000.0,18,1
43,5500000.0,41000000.0,48,0
55,8400000.0,30800000.0,24,0
37,2700000.0,48900000.0,48,1
38,3500000.0,13600000.0,48,0
31,12600000.0,4600000.0,12,0
29,17400000.0,12700000.0,24,0
37,8300000.0,38300000.0,18,0
35,5900000.0,67900000.0,36,1
45,6500000.0,42700000.0,24,0
39,9100000.0,32500000.0,24,0
36,9100000.0,89300000.0,36,0
39,14600000.0,103100000.0,48,0
36,8600000.0,51600000.0,24,0
28,14000000.0,30300000.0,36,0
26,14500000.0,24100000.0,6,0
67,12600000.0,213700000.0,60,1
57,4000000.0,38100000.0,36,0
43,3900000.0,15000000.0,24,0
49,13300000.0,90000000.0,24,0
47,6000000.0,79600000.0,60,1
37,3800000.0,23200000.0,24,1
21,14600000.0,10400000.0,6,0
50,7800000.0,103700000.0,60,0
23,8300000.0,110500000.0,36,1
46,8100000.0,89700000.0,36,0
35,4000000.0,4300000.0,24,0
29,4100000.0,29800000.0,36,1
22,17600000.0,93200000.0,36,0
31,4600000.0,25900000.0,24,0
36,8700000.0,26900000.0,24,0
56,8400000.0,21300000.0,12,0
25,18000000.0,37600000.0,18,0
29,26500000.0,43300000.0,6,0
57,7900000.0,9200000.0,12,0
46,7400000.0,79700000.0,24,1
35,6000000.0,6400000.0,36,0
41,6300000.0,20200000.0,48,0
45,7500000.0,22900000.0,24,0
28,14800000.0,62300000.0,24,0
37,16400000.0,201900000.0,48,0
21,7400000.0,8500000.0,12,0
45,7500000.0,135700000.0,48,1
21,8700000.0,41300000.0,36,0
45,7000000.0,14600000.0,36,0
21,13700000.0,39200000.0,24,0
36,16400000.0,86700000.0,36,0
21,3400000.0,9500000.0,24,0
50,5300000.0,31900000.0,36,0
41,5100000.0,4500000.0,12,0
39,14400000.0,62200000.0,36,0
43,22400000.0,81800000.0,24,0
58,11700000.0,9300000.0,24,0
25,8700000.0,10200000.0,12,0
61,18100000.0,140000000.0,24,0
25,9300000.0,66800000.0,24,0
50,5100000.0,9400000.0,24,0
29,11600000.0,101700000.0,48,0
21,11200000.0,15600000.0,24,0
44,5600000.0,42700000.0,48,1
47,9400000.0,32100000.0,12,0
21,10800000.0,37800000.0,60,0
40,11200000.0,48600000.0,24,0
44,23500000.0,88100000.0,18,0
49,6500000.0,3500000.0,18,0
50,5900000.0,46800000.0,36,0
50,23100000.0,88900000.0,36,0
34,14000000.0,178900000.0,36,0
39,8100000.0,8200000.0,6,1
41,2500000.0,3000000.0,6,1
21,6800000.0,44400000.0,24,0
38,12400000.0,15100000.0,12,0
53,11200000.0,69400000.0,36,0
21,15900000.0,31700000.0,48,0
41,5100000.0,88600000.0,60,0
41,18200000.0,48300000.0,12,0
39,8800000.0,4000000.0,6,0
28,15900000.0,30600000.0,36,0
21,17400000.0,16900000.0,6,0
21,11100000.0,34500000.0,12,1
39,6800000.0,24600000.0,18,0
31,7400000.0,23000000.0,18,0
51,13500000.0,61000000.0,24,0
42,3300000.0,17800000.0,24,0
38,4000000.0,3400000.0,6,0
38,8700000.0,6500000.0,12,0
35,9400000.0,66700000.0,24,0
39,25700000.0,301500000.0,36,1
59,12900000.0,76100000.0,36,0
50,6900000.0,29200000.0,12,0
33,7600000.0,65200000.0,48,0
30,7000000.0,29100000.0,24,1
35,11800000.0,54100000.0,24,0
21,6900000.0,37300000.0,24,0
61,5200000.0,5100000.0,24,0
55,17300000.0,21800000.0,12,0
24,5200000.0,16200000.0,12,0
40,5500000.0,13900000.0,36,0
34,5500000.0,11100000.0,24,0
39,9700000.0,61200000.0,24,0
36,26000000.0,259000000.0,24,0
38,8700000.0,80400000.0,36,1
34,5300000.0,17700000.0,12,1
49,14500000.0,58300000.0,60,0
41,12300000.0,59200000.0,24,0
40,21900000.0,53600000.0,36,0
29,15500000.0,162800000.0,36,0
21,11100000.0,31100000.0,36,0
41,7700000.0,13600000.0,12,0
45,7200000.0,71200000.0,48,0
47,7500000.0,11500000.0,12,0
43,3700000.0,15100000.0,24,0
40,5400000.0,29900000.0,18,0
39,10400000.0,30700000.0,24,0
33,7500000.0,4200000.0,6,0
55,7900000.0,10900000.0,18,0
35,7800000.0,14900000.0,12,0
37,7700000.0,19500000.0,18,0
40,17700000.0,33100000.0,18,0
30,6800000.0,19600000.0,36,0
32,3400000.0,5800000.0,6,1
21,9600000.0,69800000.0,48,0
21,9900000.0,15200000.0,12,0
21,8600000.0,9500000.0,24,0
30,5100000.0,17600000.0,18,0
40,12900000.0,7800000.0,12,0
37,5700000.0,38900000.0,48,0
67,28000000.0,208700000.0,48,0
45,13300000.0,42900000.0,24,0
29,3300000.0,8100000.0,24,1
22,6000000.0,27100000.0,36,0
32,5100000.0,36100000.0,36,0
45,23100000.0,124700000.0,36,0
27,16700000.0,7500000.0,12,0
40,6100000.0,39100000.0,36,0
50,14700000.0,48100000.0,24,0
45,10200000.0,21900000.0,12,0
39,10800000.0,53400000.0,18,0
46,7800000.0,70000000.0,60,0
69,13900000.0,49700000.0,12,0
47,5700000.0,3000000.0,6,0
37,3900000.0,3300000.0,12,0
27,14800000.0,66700000.0,24,0
40,3800000.0,15400000.0,12,0
21,9200000.0,18200000.0,24,1
46,10200000.0,10900000.0,18,0
36,5400000.0,5400000.0,12,0
49,12800000.0,112200000.0,36,0
45,13900000.0,35000000.0,12,0
25,9100000.0,28500000.0,36,0
54,6300000.0,42700000.0,36,0
28,9800000.0,95000000.0,60,0
35,3600000.0,30100000.0,36,0
34,4200000.0,11800000.0,48,0
38,11100000.0,30400000.0,24,0
21,10300000.0,54100000.0,24,0
37,5300000.0,7100000.0,24,0
55,8600000.0,116600000.0,36,0
40,4700000.0,18000000.0,36,0
30,5300000.0,5900000.0,12,0
37,10900000.0,33700000.0,36,0
33,18700000.0,13500000.0,24,0
21,6100000.0,4900000.0,12,0
27,5300000.0,36800000.0,36,1
33,4700000.0,33300000.0,24,0
50,4500000.0,24100000.0,24,0
34,8400000.0,31700000.0,36,0
36,3400000.0,8600000.0,24,0
38,6300000.0,26100000.0,36,0
45,5200000.0,95600000.0,60,0
61,21200000.0,238900000.0,60,0
22,6800000.0,41500000.0,24,1
41,3800000.0,3000000.0,6,0
35,10400000.0,11200000.0,36,0
52,5700000.0,18400000.0,36,0
34,4700000.0,6400000.0,6,0
21,4600000.0,5500000.0,12,0
21,6700000.0,14000000.0,48,0
21,3900000.0,77700000.0,60,1
27,7100000.0,26700000.0,18,1
41,25800000.0,254600000.0,36,0
43,11100000.0,100200000.0,48,0
37,17600000.0,129200000.0,36,0
33,9000000.0,133500000.0,48,1
41,5600000.0,3000000.0,6,0
21,10500000.0,176200000.0,60,1
38,15000000.0,68300000.0,36,0
45,16200000.0,14500000.0,18,0
41,24200000.0,99600000.0,18,0
43,18800000.0,243500000.0,36,0
39,10400000.0,63200000.0,60,0
46,10000000.0,7500000.0,6,0
38,11700000.0,27400000.0,24,0
36,14200000.0,126000000.0,36,0
22,9100000.0,15900000.0,12,0
31,15200000.0,12200000.0,6,0
39,5500000.0,11800000.0,36,0
29,5800000.0,3200000.0,6,0
45,9400000.0,18900000.0,12,0
30,12200000.0,54200000.0,24,0
38,4400000.0,5600000.0,12,0
45,9100000.0,40900000.0,12,0
59,8200000.0,47100000.0,24,0
21,3500000.0,7600000.0,24,0
30,5000000.0,32800000.0,24,0
22,6800000.0,30300000.0,36,0
31,10400000.0,35900000.0,24,1
40,4100000.0,26600000.0,24,0
32,5100000.0,45000000.0,60,0
38,8300000.0,11600000.0,24,0
63,4800000.0,21800000.0,36,0
50,7400000.0,14700000.0,12,0
43,3300000.0,26000000.0,60,1
38,4000000.0,68800000.0,48,1
42,11300000.0,13100000.0,6,0
35,9400000.0,20700000.0,36,0
36,4100000.0,14400000.0,24,0
25,5500000.0,10700000.0,12,0
28,9400000.0,13000000.0,6,1
50,10400000.0,6800000.0,6,0
38,5000000.0,37000000.0,24,0
49,20300000.0,319500000.0,48,0
29,10100000.0,65500000.0,36,0
21,7600000.0,8200000.0,36,0
44,7700000.0,54000000.0,48,0
33,7100000.0,96300000.0,36,0
39,2500000.0,14200000.0,24,0
35,8500000.0,58900000.0,48,0
51,8900000.0,45200000.0,18,0
45,2500000.0,23200000.0,36,0
31,4300000.0,3000000.0,12,0
40,13400000.0,125900000.0,60,0
39,9800000.0,22900000.0,12,1
41,13000000.0,51600000.0,36,0
34,3900000.0,9900000.0,18,0
25,6100000.0,97100000.0,60,0
21,13200000.0,7500000.0,6,0
49,5000000.0,7000000.0,36,0
46,6500000.0,10000000.0,18,0
41,4900000.0,12000000.0,48,0
34,15600000.0,24000000.0,18,0
30,9800000.0,50400000.0,36,0
54,12900000.0,201700000.0,48,0
51,4300000.0,25500000.0,36,0
49,7100000.0,64700000.0,36,0
26,10400000.0,62400000.0,60,0
38,29200000.0,33100000.0,18,0
42,5300000.0,12700000.0,12,0
35,7100000.0,51200000.0,36,0
39,6300000.0,20400000.0,36,0
46,2800000.0,20200000.0,24,1
39,9500000.0,75900000.0,36,0
27,12200000.0,94200000.0,60,0
35,4200000.0,3900000.0,18,0
52,6800000.0,116100000.0,48,0
41,13100000.0,21100000.0,12,0
31,7300000.0,51000000.0,48,0
52,7100000.0,5600000.0,12,0
57,6700000.0,63900000.0,36,0
35,8100000.0,19400000.0,24,0
30,5400000.0,86500000.0,60,0
21,13500000.0,163700000.0,60,1
32,15500000.0,154800000.0,36,0
21,13500000.0,126800000.0,36,0
53,11400000.0,19900000.0,12,0
44,3700000.0,9000000.0,18,0
30,5400000.0,5800000.0,36,0
41,22000000.0,262000000.0,48,0
36,6300000.0,3000000.0,12,0
21,10100000.0,14600000.0,24,0
50,18300000.0,144700000.0,48,0
28,6700000.0,10100000.0,6,0
27,19000000.0,39200000.0,6,0
36,13500000.0,3400000.0,6,0
46,7800000.0,11300000.0,6,0
36,2500000.0,7900000.0,12,1
36,14200000.0,71500000.0,36,0
36,5600000.0,25800000.0,18,0
21,17100000.0,162400000.0,24,0
37,8800000.0,7200000.0,24,0
32,2600000.0,51400000.0,48,1
47,3300000.0,4700000.0,12,0
34,10300000.0,54100000.0,36,0
31,9400000.0,63500000.0,60,0
21,10400000.0,223100000.0,60,0
48,4600000.0,19000000.0,18,0
23,13800000.0,217400000.0,60,1
40,3400000.0,13100000.0,24,0
56,19700000.0,32900000.0,24,0
28,2500000.0,3000000.0,6,1
46,13300000.0,100700000.0,48,0
31,8400000.0,116300000.0,48,0
21,9700000.0,7900000.0,12,0
39,13200000.0,8100000.0,6,0
57,8100000.0,75200000.0,48,1
26,4100000.0,27100000.0,36,1
29,3700000.0,23900000.0,60,1
21,14300000.0,39000000.0,24,0
43,17200000.0,134500000.0,48,0
23,9000000.0,45200000.0,24,0
43,3400000.0,9600000.0,36,0
39,3200000.0,20000000.0,36,0
35,10100000.0,69000000.0,36,0
41,5900000.0,38600000.0,18,0
49,4700000.0,20500000.0,36,0
33,11200000.0,45500000.0,24,1
34,6800000.0,10500000.0,36,0
34,4900000.0,14200000.0,36,0
31,5700000.0,3000000.0,12,0
26,12600000.0,29200000.0,12,0
34,2700000.0,11900000.0,48,0
34,4300000.0,36200000.0,48,1
40,18700000.0,92500000.0,36,0
55,7200000.0,9400000.0,18,0
25,6800000.0,15900000.0,24,0
45,12600000.0,82200000.0,24,0
53,9300000.0,26600000.0,12,0
41,9800000.0,192900000.0,60,0
35,9300000.0,14400000.0,24,0
44,8500000.0,32000000.0,36,0
39,17000000.0,32400000.0,18,0
52,8000000.0,9500000.0,6,1
52,9800000.0,42100000.0,36,0
27,9500000.0,22600000.0,24,0
43,8800000.0,13500000.0,24,0
41,15600000.0,11500000.0,24,0
37,11600000.0,34800000.0,36,0
32,13000000.0,258200000.0,60,1
21,6600000.0,85400000.0,48,0
37,21200000.0,54900000.0,18,0
32,3000000.0,4000000.0,24,0
31,16100000.0,68000000.0,24,0
21,4300000.0,4500000.0,12,0
36,7900000.0,23500000.0,24,0
39,4200000.0,14200000.0,36,0
31,4300000.0,27600000.0,24,1
35,7600000.0,26500000.0,12,0
21,16500000.0,94300000.0,24,0
50,7700000.0,28900000.0,12,1
30,6300000.0,17600000.0,24,0
21,9800000.0,73000000.0,48,0
37,17200000.0,19300000.0,6,0
28,18200000.0,95000000.0,36,0
21,4500000.0,23300000.0,36,0
37,8900000.0,28000000.0,24,0
61,5900000.0,7100000.0,12,0
21,10700000.0,16400000.0,12,0
45,8900000.0,23400000.0,12,1
24,5800000.0,26500000.0,36,0
33,9600000.0,63300000.0,36,1
43,9200000.0,3300000.0,12,0
49,5400000.0,26200000.0,24,1
51,4600000.0,9700000.0,18,0
49,10200000.0,55900000.0,24,0
27,10200000.0,44900000.0,36,0
48,5300000.0,14300000.0,24,0
27,11800000.0,12800000.0,36,0
48,11900000.0,21900000.0,24,0
21,10500000.0,40100000.0,36,0
33,6300000.0,46600000.0,24,0
61,5000000.0,3000000.0,12,0
21,19800000.0,125200000.0,18,0
41,18600000.0,148100000.0,24,0
44,4100000.0,14200000.0,36,0
26,4300000.0,16200000.0,24,1
34,8300000.0,8900000.0,36,0
50,8400000.0,106500000.0,60,0
41,5900000.0,3000000.0,6,0
46,14400000.0,8400000.0,6,0
35,14900000.0,15300000.0,6,0
47,6100000.0,5800000.0,12,0
37,13900000.0,247200000.0,48,1
41,6500000.0,53200000.0,60,0
24,11000000.0,41800000.0,18,0
44,9200000.0,30600000.0,36,0
43,5900000.0,7600000.0,12,0
38,5400000.0,46600000.0,48,0
25,21200000.0,107900000.0,24,0
32,5500000.0,27900000.0,36,0
38,11200000.0,79800000.0,36,0
44,21300000.0,99500000.0,36,0
46,8500000.0,17900000.0,24,0
54,10100000.0,21000000.0,12,0
34,7800000.0,13800000.0,6,0
42,7100000.0,53500000.0,36,0
21,6200000.0,16000000.0,36,0
28,10700000.0,52500000.0,36,0
32,2500000.0,7200000.0,24,0
30,12500000.0,31500000.0,36,0
43,5200000.0,26000000.0,24,0
28,7700000.0,26900000.0,12,0
27,6700000.0,20400000.0,18,0
35,12000000.0,34800000.0,24,0
33,26500000.0,166200000.0,36,0
35,8900000.0,3200000.0,12,0
51,7700000.0,42700000.0,18,0
27,11800000.0,41600000.0,60,0
21,3800000.0,24000000.0,24,0
42,13500000.0,18400000.0,12,0
43,6800000.0,9600000.0,18,0
34,5200000.0,11500000.0,60,0
30,3500000.0,17100000.0,36,0
32,13500000.0,127600000.0,48,0
37,10800000.0,40200000.0,12,0
54,40700000.0,64300000.0,12,0
50,12900000.0,73300000.0,36,0
36,6100000.0,54900000.0,36,1
33,7200000.0,19300000.0,12,0
34,13000000.0,84300000.0,60,0
60,8900000.0,60200000.0,36,0
42,10100000.0,24300000.0,12,0
43,3300000.0,4400000.0,18,0
34,4300000.0,15100000.0,24,0
21,8700000.0,57600000.0,36,0
35,10800000.0,36700000.0,36,1
31,10500000.0,7500000.0,6,0
49,4600000.0,6400000.0,12,0
40,12900000.0,16300000.0,24,0
35,12200000.0,70600000.0,36,0
52,10400000.0,28800000.0,24,0
24,13100000.0,68400000.0,48,0
42,5200000.0,39000000.0,24,0
43,6800000.0,20800000.0,24,0
23,20400000.0,80600000.0,24,0
37,14500000.0,17900000.0,12,0
28,8000000.0,14900000.0,18,0
45,7800000.0,35000000.0,12,0
41,4000000.0,3000000.0,6,0
31,3500000.0,8700000.0,24,0
34,6700000.0,39200000.0,48,0
31,14500000.0,69200000.0,18,0
63,12700000.0,125800000.0,48,1
45,8200000.0,11000000.0,12,0
59,10300000.0,18200000.0,24,0
39,32600000.0,50600000.0,24,0
44,6100000.0,31900000.0,18,0
35,16300000.0,39700000.0,24,0
33,11000000.0,37900000.0,12,0
39,5500000.0,14700000.0,18,0
51,8300000.0,14800000.0,12,0
35,23000000.0,226900000.0,48,0
57,6900000.0,16700000.0,36,0
34,9300000.0,63200000.0,48,0
36,4300000.0,8900000.0,24,1
37,41500000.0,26100000.0,6,0
27,23600000.0,92800000.0,24,0
44,7500000.0,55500000.0,24,0
45,4100000.0,4600000.0,6,1
29,11600000.0,26700000.0,24,0
23,4900000.0,26700000.0,48,0
57,6200000.0,8800000.0,6,0
24,19900000.0,28300000.0,6,0
51,16600000.0,28100000.0,12,0
50,7500000.0,15800000.0,18,0
52,8500000.0,57400000.0,24,0
70,5400000.0,3000000.0,6,0
32,6500000.0,43700000.0,36,0
30,26400000.0,60000000.0,12,0
42,6400000.0,53100000.0,36,0
36,10500000.0,35200000.0,12,0
40,4200000.0,9800000.0,12,0
35,13100000.0,22200000.0,12,0
48,7500000.0,35800000.0,18,0
31,8100000.0,29800000.0,24,0
34,12800000.0,52900000.0,48,0
24,6500000.0,24000000.0,36,0
21,19900000.0,21400000.0,36,0
43,8300000.0,31800000.0,18,0
45,10100000.0,62700000.0,60,0
38,4600000.0,8500000.0,12,0
47,13200000.0,20300000.0,6,0
45,11400000.0,13600000.0,36,0
43,5400000.0,25600000.0,24,0
41,7000000.0,7600000.0,36,0
22,12000000.0,63100000.0,24,0
42,4400000.0,7700000.0,12,0
36,9300000.0,71200000.0,24,1
22,5500000.0,37600000.0,24,0
48,9100000.0,107200000.0,36,0
54,16700000.0,185200000.0,36,0
41,5300000.0,4600000.0,12,0
21,3000000.0,3700000.0,12,0
38,18400000.0,187700000.0,36,0
41,6900000.0,21900000.0,12,0
23,8100000.0,17900000.0,12,1
32,7500000.0,13100000.0,6,0
42,23800000.0,61800000.0,12,0
44,9200000.0,62800000.0,36,0
23,22500000.0,191400000.0,24,0
21,14800000.0,75300000.0,36,0
41,9400000.0,13500000.0,12,0
43,10500000.0,8800000.0,6,0
26,9200000.0,38200000.0,60,0
60,6800000.0,63700000.0,36,0
41,4300000.0,21400000.0,24,0
40,4700000.0,29400000.0,24,0
64,7300000.0,3000000.0,12,0
28,15600000.0,56200000.0,36,0
36,7500000.0,17100000.0,24,0
21,10600000.0,59700000.0,36,0
27,18800000.0,18900000.0,12,0
31,5400000.0,3000000.0,6,0
28,10200000.0,4500000.0,12,0
30,9000000.0,18000000.0,18,0
54,5900000.0,7600000.0,6,0
34,9400000.0,33500000.0,12,0
47,16400000.0,14800000.0,6,0
31,9400000.0,6800000.0,24,0
21,9000000.0,52600000.0,36,0
33,3000000.0,3600000.0,36,0
48,4800000.0,11900000.0,24,0
54,7100000.0,21700000.0,18,0
21,8600000.0,126000000.0,48,0
39,5800000.0,18300000.0,48,0
33,11600000.0,31300000.0,24,0
47,8800000.0,46200000.0,18,0
36,8100000.0,29400000.0,24,0
26,9400000.0,34700000.0,36,0
24,9600000.0,11700000.0,12,0
21,9400000.0,26100000.0,24,0
32,15600000.0,63700000.0,48,0
31,8500000.0,62400000.0,36,0
27,8400000.0,14600000.0,18,0
41,11500000.0,27200000.0,18,0
40,9300000.0,3900000.0,6,0
35,9300000.0,95000000.0,60,0
36,4400000.0,28200000.0,36,0
38,4400000.0,5200000.0,6,0
43,6700000.0,5900000.0,6,0
28,12800000.0,22600000.0,48,0
53,5600000.0,75500000.0,36,0
56,8100000.0,64700000.0,36,0
32,5000000.0,5400000.0,36,0
42,5400000.0,19000000.0,24,0
62,8700000.0,48300000.0,24,0
49,20600000.0,88700000.0,36,0
41,14900000.0,46100000.0,36,0
44,5500000.0,13700000.0,24,0
41,5500000.0,15900000.0,12,0
29,10200000.0,34300000.0,18,0
23,7700000.0,31200000.0,24,0
46,39200000.0,279500000.0,18,0
32,20000000.0,61400000.0,12,0
32,3300000.0,10100000.0,12,1
37,3500000.0,7200000.0,36,0
48,5200000.0,33400000.0,36,0
33,6100000.0,18900000.0,24,0
21,14600000.0,145200000.0,36,0
23,10300000.0,6300000.0,6,0
36,5100000.0,20900000.0,24,0
30,12800000.0,55100000.0,60,0
51,10900000.0,56100000.0,36,0
37,3300000.0,9900000.0,12,0
29,9100000.0,3300000.0,12,0
23,6400000.0,22700000.0,36,1
22,7900000.0,56800000.0,36,0
36,4800000.0,17300000.0,24,0
51,10700000.0,9600000.0,12,0
38,2800000.0,22900000.0,36,0
24,3700000.0,7200000.0,36,0
35,6400000.0,36800000.0,24,0
40,8600000.0,18600000.0,48,0
43,11200000.0,15500000.0,12,0
52,37800000.0,211700000.0,24,0
38,6300000.0,22900000.0,36,0
40,18100000.0,191600000.0,36,0
36,6500000.0,24000000.0,24,0
23,10500000.0,45000000.0,48,0
33,5600000.0,19400000.0,24,0
30,8600000.0,38400000.0,24,0
50,5700000.0,11100000.0,24,0
49,7100000.0,74300000.0,36,0
31,13500000.0,61600000.0,24,0
70,15200000.0,16200000.0,18,0
51,4500000.0,5600000.0,6,0
21,7300000.0,44500000.0,36,0
24,16800000.0,136000000.0,36,0
45,4700000.0,22200000.0,18,0
34,4100000.0,37500000.0,48,1
26,16400000.0,48000000.0,12,0
29,12900000.0,89900000.0,24,0
39,19200000.0,156600000.0,36,0
22,8600000.0,13200000.0,12,0
40,6300000.0,16500000.0,12,0
26,9900000.0,13000000.0,36,0
53,9500000.0,69300000.0,36,0
59,12300000.0,30200000.0,18,0
38,19800000.0,35600000.0,60,0
31,6500000.0,56300000.0,60,0
32,20600000.0,45400000.0,24,0
39,6300000.0,11900000.0,12,0
21,5600000.0,30400000.0,24,1
35,12700000.0,95800000.0,60,0
29,14300000.0,12800000.0,6,0
46,18000000.0,33600000.0,24,0
35,11700000.0,6300000.0,18,0
21,13200000.0,71900000.0,24,0
32,8500000.0,66900000.0,36,0
26,15900000.0,15800000.0,24,0
40,6500000.0,35700000.0,36,0
40,10900000.0,26600000.0,18,0
40,9200000.0,93600000.0,36,1
35,5300000.0,30200000.0,24,0
57,4100000.0,29900000.0,36,0
28,13100000.0,51500000.0,24,0
47,6300000.0,17300000.0,24,0
44,7900000.0,57800000.0,24,1
39,13800000.0,27000000.0,12,0
37,12100000.0,58700000.0,36,0
33,8800000.0,84900000.0,36,0
23,11800000.0,29400000.0,24,0
45,9000000.0,55000000.0,24,0
23,17700000.0,135100000.0,24,0
38,6800000.0,101100000.0,60,0
42,10200000.0,5600000.0,12,0
29,7800000.0,10500000.0,12,0
33,7900000.0,57500000.0,24,0
57,8200000.0,30900000.0,24,0
21,12100000.0,8700000.0,24,0
29,5800000.0,61700000.0,36,1
23,17600000.0,37700000.0,36,0
25,3500000.0,19500000.0,24,1
44,5100000.0,62800000.0,36,0
36,5200000.0,10300000.0,24,0
37,9300000.0,42600000.0,36,0
43,13300000.0,80900000.0,36,0
43,7900000.0,41300000.0,24,0
43,5300000.0,4400000.0,6,0
36,9800000.0,29400000.0,18,0
24,3700000.0,14700000.0,36,0
41,3800000.0,5900000.0,18,0
21,6800000.0,30300000.0,24,0
60,5000000.0,14400000.0,18,0
46,7300000.0,13900000.0,36,0
21,7000000.0,29500000.0,24,0
39,7000000.0,21200000.0,24,0
21,10000000.0,36200000.0,36,0
32,12100000.0,9200000.0,12,0
26,5300000.0,12200000.0,18,0
36,4900000.0,14200000.0,12,0
26,11600000.0,51500000.0,24,0
30,12900000.0,10700000.0,6,0
21,9300000.0,45500000.0,24,0
26,3900000.0,40700000.0,24,1
66,8700000.0,76200000.0,36,0
40,11100000.0,18000000.0,24,0
28,6900000.0,14400000.0,18,0
47,4500000.0,14800000.0,48,0
34,16800000.0,35000000.0,48,0
31,25900000.0,224900000.0,60,0
35,9800000.0,37900000.0,48,0
44,2700000.0,9200000.0,36,0
36,8200000.0,54600000.0,36,0
52,5500000.0,51200000.0,36,1
51,4000000.0,15800000.0,36,1
42,10800000.0,19100000.0,36,0
44,4900000.0,47200000.0,36,1
26,12600000.0,8900000.0,6,0
31,6000000.0,58900000.0,36,1
38,5500000.0,7600000.0,18,0
31,14000000.0,14100000.0,12,0
42,7900000.0,8600000.0,36,0
32,7800000.0,24100000.0,12,0
30,9300000.0,17100000.0,24,0
23,4500000.0,22900000.0,12,1
38,12400000.0,44600000.0,36,0
36,24500000.0,226100000.0,36,0
39,6200000.0,22300000.0,12,0
30,11900000.0,90000000.0,18,1
39,8000000.0,3000000.0,12,0
38,6400000.0,26700000.0,60,0
54,7000000.0,48600000.0,36,0
40,9700000.0,48800000.0,24,1
40,12400000.0,38900000.0,18,0
41,9900000.0,75500000.0,36,1
36,10500000.0,83200000.0,36,0
48,6900000.0,9500000.0,12,0
30,5900000.0,18700000.0,24,0
25,21700000.0,3900000.0,6,0
66,3600000.0,3000000.0,6,0
36,10500000.0,10000000.0,12,0
46,18900000.0,89800000.0,24,0
30,17600000.0,119800000.0,24,0
33,4400000.0,48200000.0,36,0
35,3500000.0,24600000.0,24,1
25,17300000.0,56200000.0,24,0
49,6500000.0,16900000.0,24,0
43,15800000.0,103000000.0,36,0
43,6600000.0,4200000.0,6,0
42,10500000.0,48700000.0,48,0
31,10200000.0,29300000.0,48,0
43,9300000.0,6000000.0,6,0
39,3600000.0,3000000.0,6,1
37,6800000.0,7800000.0,36,0
44,8400000.0,24500000.0,18,0
52,5500000.0,21000000.0,24,0
34,14000000.0,71600000.0,12,0
40,20600000.0,164100000.0,24,0
22,4700000.0,3000000.0,6,0
40,10400000.0,39200000.0,12,0
39,24200000.0,29900000.0,24,0
47,8500000.0,15600000.0,12,0
25,9800000.0,37300000.0,60,0
28,10400000.0,30100000.0,36,0
52,10600000.0,55700000.0,24,0
50,11100000.0,12800000.0,36,0
35,4400000.0,6100000.0,18,0
42,5200000.0,15500000.0,24,0
33,9900000.0,42800000.0,24,0
22,7900000.0,60900000.0,48,0
43,3000000.0,4100000.0,12,1
31,6800000.0,47300000.0,36,0
38,5400000.0,3900000.0,24,0
42,10500000.0,111400000.0,36,0
33,12700000.0,43500000.0,24,0
46,7900000.0,31200000.0,24,0
33,5900000.0,4200000.0,6,0
24,2600000.0,3000000.0,6,1
52,15900000.0,44600000.0,18,0
22,6800000.0,11800000.0,12,0
48,25500000.0,142800000.0,24,0
35,8700000.0,16900000.0,24,0
33,2600000.0,17800000.0,36,0
38,16900000.0,14400000.0,12,0
43,4100000.0,5800000.0,18,0
41,9700000.0,18900000.0,18,0
31,8600000.0,70300000.0,48,0
47,12400000.0,8600000.0,6,0
37,10000000.0,11100000.0,24,0
38,5200000.0,39100000.0,36,1
42,9600000.0,48400000.0,24,0
39,4400000.0,3900000.0,24,0
42,7500000.0,35900000.0,48,1
31,2500000.0,3000000.0,6,0
32,4500000.0,5200000.0,24,0
28,24700000.0,298400000.0,60,0
39,12800000.0,6800000.0,6,0
41,8400000.0,8900000.0,12,0
48,12000000.0,4300000.0,12,0
50,11100000.0,24100000.0,24,0
29,7800000.0,92700000.0,48,0
26,17900000.0,74600000.0,36,0
44,11600000.0,123800000.0,36,0
51,5300000.0,57300000.0,24,0
45,7300000.0,36900000.0,36,0
49,16200000.0,47400000.0,24,0
43,4800000.0,9800000.0,12,0
42,7600000.0,47300000.0,36,0
30,3200000.0,4600000.0,48,0
37,5400000.0,14800000.0,18,0
41,7000000.0,13700000.0,36,0
21,5300000.0,3000000.0,6,0
46,5100000.0,13300000.0,18,0
41,12300000.0,68000000.0,36,0
43,13100000.0,99900000.0,60,0
52,11800000.0,11000000.0,18,0
39,10500000.0,27500000.0,18,0
36,9900000.0,42300000.0,24,0
35,8700000.0,10600000.0,18,0
32,6800000.0,28300000.0,36,0
25,7800000.0,30900000.0,18,1
44,10300000.0,67600000.0,48,0
25,14600000.0,50400000.0,24,0
49,14300000.0,71400000.0,36,0
57,6500000.0,31500000.0,12,0
43,9800000.0,11200000.0,24,0
27,19200000.0,155600000.0,24,0
22,11600000.0,18300000.0,12,0
43,8600000.0,40200000.0,36,0
33,5900000.0,36800000.0,36,0
32,15400000.0,77000000.0,24,0
21,3700000.0,20300000.0,48,0
41,20700000.0,7500000.0,12,0
45,6800000.0,19100000.0,24,0
28,18000000.0,124500000.0,36,0
21,7200000.0,51400000.0,60,1
40,25100000.0,27400000.0,12,0
35,3600000.0,25800000.0,60,0
46,2500000.0,3000000.0,12,0
34,5200000.0,9800000.0,36,0
28,2900000.0,5700000.0,24,0
43,12100000.0,22600000.0,6,0
36,2900000.0,3400000.0,12,0
21,16000000.0,66800000.0,24,0
47,7300000.0,17800000.0,12,0
42,8400000.0,66200000.0,48,0
60,3500000.0,12700000.0,60,0
28,11200000.0,35000000.0,18,0
29,11500000.0,63800000.0,36,0
21,23800000.0,32200000.0,12,0
35,13800000.0,40100000.0,36,0
30,7200000.0,7200000.0,12,0
28,6600000.0,17000000.0,12,0
39,3400000.0,19400000.0,24,0
36,7000000.0,22300000.0,12,0
38,16100000.0,18100000.0,12,0
29,8300000.0,21400000.0,48,0
38,6600000.0,28600000.0,24,0
50,9400000.0,50800000.0,36,0
28,18800000.0,58400000.0,12,1
43,5500000.0,7000000.0,24,0
42,12500000.0,13400000.0,12,0
39,6600000.0,17600000.0,18,1
25,9400000.0,22700000.0,36,0
31,11500000.0,56600000.0,18,1
40,11400000.0,57600000.0,24,0
32,20200000.0,31700000.0,24,0
41,4200000.0,17900000.0,36,0
35,15300000.0,335600000.0,60,0
50,7000000.0,68500000.0,48,1
52,10100000.0,116700000.0,48,1
36,11600000.0,56800000.0,48,0
34,6700000.0,15200000.0,24,0
32,17200000.0,34300000.0,12,0
21,6100000.0,21900000.0,18,0
27,5600000.0,21400000.0,24,0
42,6600000.0,5900000.0,6,0
44,11600000.0,48100000.0,24,0
35,13000000.0,31900000.0,12,1
40,4000000.0,16700000.0,36,0
34,12800000.0,85200000.0,24,0
50,5200000.0,29100000.0,24,0
32,11300000.0,9200000.0,6,0
31,4500000.0,21900000.0,36,0
21,27500000.0,233400000.0,36,0
49,12800000.0,91000000.0,36,0
41,9200000.0,11500000.0,6,0
21,7300000.0,15600000.0,6,0
48,4100000.0,46500000.0,36,1
40,6300000.0,28300000.0,24,0
38,14600000.0,5200000.0,12,0
21,6100000.0,6000000.0,18,0
21,10300000.0,23400000.0,24,0
32,7900000.0,52800000.0,36,0
32,8000000.0,35700000.0,18,0
52,5500000.0,6500000.0,6,0
47,13900000.0,27300000.0,12,0
21,7500000.0,16100000.0,60,0
49,10400000.0,21900000.0,12,0
35,5700000.0,18500000.0,36,0
34,15600000.0,71400000.0,18,0
26,19700000.0,79600000.0,24,0
28,6500000.0,10400000.0,12,0
25,6000000.0,10900000.0,36,0
63,6300000.0,26900000.0,24,0
48,2500000.0,5200000.0,6,0
44,23800000.0,219400000.0,36,0
46,6200000.0,7100000.0,12,0
42,10300000.0,25800000.0,24,0
40,13900000.0,47800000.0,24,0
31,7900000.0,26900000.0,12,0
42,14500000.0,29900000.0,18,0
32,12300000.0,69700000.0,36,0
42,7300000.0,22000000.0,18,0
45,6200000.0,38800000.0,36,0
34,31400000.0,15200000.0,6,0
32,6500000.0,59300000.0,36,0
27,7400000.0,7000000.0,6,0
28,18700000.0,55300000.0,12,0
43,16600000.0,113700000.0,24,0
30,16600000.0,40100000.0,12,0
34,13400000.0,81600000.0,36,0
34,12600000.0,35200000.0,36,0
49,15300000.0,22100000.0,12,0
34,15200000.0,14700000.0,12,0
27,4700000.0,12500000.0,12,0
54,13900000.0,45000000.0,36,0
52,10400000.0,13900000.0,6,0
50,8100000.0,22200000.0,24,0
31,14200000.0,17400000.0,12,0
34,14800000.0,10600000.0,24,0
27,7700000.0,45200000.0,36,1
31,13100000.0,69500000.0,36,0
21,9100000.0,43500000.0,24,0
35,19300000.0,25600000.0,12,0
67,5300000.0,14100000.0,36,0
40,6100000.0,14100000.0,18,0
34,10700000.0,98400000.0,48,0
50,34100000.0,321900000.0,48,0
53,3600000.0,31400000.0,36,1
35,17300000.0,167700000.0,36,0
37,8500000.0,8900000.0,12,0
40,5000000.0,4200000.0,18,0
45,8100000.0,13600000.0,18,0
37,5700000.0,6200000.0,36,0
39,9600000.0,13700000.0,36,0
44,8000000.0,46100000.0,18,0
54,10800000.0,33700000.0,24,0
39,4100000.0,3000000.0,12,0
43,6600000.0,17000000.0,6,1
30,15600000.0,54300000.0,18,0
41,8300000.0,15700000.0,18,0
35,3200000.0,18700000.0,24,1
32,3300000.0,11600000.0,12,1
21,22800000.0,36400000.0,24,0
56,9300000.0,23200000.0,12,0
32,12700000.0,136800000.0,60,0
26,6300000.0,71500000.0,36,1
45,4500000.0,29900000.0,36,0
31,8500000.0,36300000.0,36,0
43,8200000.0,67400000.0,36,1
34,4400000.0,47800000.0,36,1
38,4900000.0,58700000.0,60,1
44,7700000.0,9300000.0,12,0
56,7100000.0,26700000.0,24,0
21,7200000.0,49500000.0,36,1
52,18900000.0,25800000.0,18,0
30,14200000.0,34800000.0,12,0
29,13700000.0,26200000.0,24,0
56,5000000.0,18300000.0,48,0
47,6500000.0,25300000.0,60,0
32,3600000.0,13200000.0,24,0
21,6800000.0,41300000.0,24,1
34,9900000.0,50400000.0,24,0
59,9300000.0,14000000.0,6,0
42,4300000.0,7200000.0,12,0
43,3200000.0,15500000.0,18,0
28,7800000.0,71300000.0,48,0
40,4400000.0,12000000.0,48,0
35,10200000.0,46900000.0,24,0
35,8000000.0,98300000.0,36,0
39,5900000.0,19500000.0,18,0
46,12000000.0,27000000.0,12,0
26,25200000.0,212100000.0,48,0
41,22500000.0,108800000.0,36,0
49,7000000.0,23800000.0,24,1
35,9000000.0,77800000.0,48,0
36,7100000.0,8700000.0,36,0
21,8700000.0,46600000.0,48,0
28,14300000.0,42900000.0,18,0
36,6000000.0,10800000.0,6,1
65,14900000.0,6600000.0,6,0
31,9300000.0,14700000.0,18,0
43,7400000.0,63100000.0,48,0
28,4600000.0,5000000.0,36,0
58,7500000.0,97000000.0,48,0
39,9000000.0,55100000.0,24,0
44,12600000.0,80200000.0,36,0
45,18000000.0,26300000.0,24,0
39,6900000.0,27400000.0,24,0
31,8700000.0,54500000.0,36,0
34,5000000.0,9800000.0,48,0
61,8100000.0,22800000.0,48,0
22,3200000.0,16800000.0,36,1
30,12200000.0,5600000.0,6,0
29,5500000.0,60300000.0,36,0
23,13800000.0,44100000.0,12,0
43,4300000.0,4800000.0,12,0
34,15200000.0,54600000.0,24,0
48,6200000.0,32900000.0,36,0
31,14700000.0,95400000.0,24,0
37,11800000.0,90800000.0,24,1
45,5800000.0,33500000.0,18,1
43,5100000.0,5700000.0,6,0
21,8200000.0,5200000.0,6,0
36,12300000.0,82200000.0,24,0
54,8200000.0,14300000.0,24,0
44,4600000.0,19400000.0,36,0
57,15000000.0,56200000.0,24,0
56,56600000.0,108900000.0,12,0
42,10700000.0,158200000.0,48,1
27,2800000.0,9100000.0,24,0
21,10400000.0,44900000.0,12,1
21,3400000.0,16100000.0,24,0
23,5200000.0,11200000.0,18,0
36,5900000.0,38500000.0,36,0
47,3300000.0,5400000.0,12,0
26,7200000.0,7000000.0,24,0
50,10600000.0,20300000.0,12,0
55,6900000.0,17700000.0,36,0
35,11100000.0,14000000.0,12,0
25,9600000.0,42500000.0,18,0
25,4900000.0,28500000.0,24,0
33,10200000.0,49800000.0,36,0
32,10400000.0,42300000.0,36,0
44,9700000.0,6700000.0,6,0
45,4500000.0,12800000.0,36,0
47,3000000.0,4900000.0,36,0
28,9500000.0,30100000.0,24,0
51,5700000.0,35000000.0,36,0
46,6000000.0,19400000.0,18,0
44,25100000.0,30300000.0,12,0
25,12500000.0,16600000.0,12,0
51,4500000.0,7400000.0,12,0
42,2800000.0,51300000.0,48,0
43,11300000.0,20400000.0,60,0
38,5300000.0,30000000.0,24,0
38,7500000.0,11700000.0,24,0
44,16300000.0,112600000.0,36,0
37,10000000.0,35300000.0,12,0
31,14700000.0,59000000.0,12,1
47,4500000.0,73800000.0,60,1
44,7700000.0,59100000.0,24,0
31,5000000.0,11100000.0,60,0
25,8300000.0,50000000.0,60,0
38,15700000.0,46800000.0,24,0
21,12800000.0,66400000.0,24,0
34,6600000.0,13500000.0,36,0
40,8400000.0,20700000.0,48,0
22,4800000.0,11900000.0,36,0
40,4000000.0,20700000.0,48,1
28,6200000.0,7000000.0,12,0
47,8200000.0,16600000.0,24,0
36,3300000.0,9000000.0,24,0
32,14900000.0,59700000.0,36,0
53,7400000.0,34700000.0,24,0
44,7200000.0,16200000.0,12,0
23,12100000.0,23900000.0,48,0
26,7300000.0,70100000.0,60,0
27,8000000.0,72100000.0,36,0
21,17400000.0,37800000.0,24,0
21,7000000.0,19300000.0,24,0
30,4700000.0,12100000.0,24,0
56,10900000.0,39400000.0,24,0
56,2500000.0,4900000.0,12,0
34,8400000.0,14700000.0,12,0
34,34500000.0,49500000.0,24,0
46,4800000.0,15300000.0,36,0
55,5200000.0,14800000.0,18,0
21,11400000.0,96300000.0,24,1
22,5100000.0,10500000.0,48,0
45,15500000.0,61400000.0,24,1
51,7400000.0,48100000.0,24,1
21,8100000.0,7800000.0,12,0
31,3800000.0,5300000.0,18,0
49,6800000.0,53800000.0,48,0
45,18200000.0,78900000.0,36,0
29,4800000.0,9500000.0,24,0
23,6900000.0,139300000.0,48,1
46,8300000.0,9700000.0,18,0
21,2500000.0,10900000.0,48,0
57,3700000.0,19300000.0,36,0
21,5700000.0,31000000.0,24,1
38,5800000.0,51700000.0,36,0
39,9700000.0,41600000.0,36,0
46,10100000.0,34700000.0,36,0
21,10300000.0,20100000.0,12,1
25,10400000.0,8300000.0,6,0
34,9000000.0,54200000.0,36,0
35,5500000.0,48200000.0,24,1
47,4300000.0,8200000.0,6,0
29,6300000.0,22000000.0,12,0
42,13200000.0,4700000.0,12,0
58,10000000.0,20300000.0,36,0
44,9100000.0,39500000.0,18,0
42,16100000.0,15300000.0,12,0
34,10300000.0,16200000.0,36,0
34,19000000.0,97500000.0,36,0
56,18900000.0,155500000.0,36,0
41,5400000.0,74300000.0,48,0
38,21000000.0,48000000.0,24,0
32,15000000.0,201800000.0,36,0
23,9900000.0,12600000.0,36,0
39,14500000.0,81900000.0,36,0
31,12100000.0,113500000.0,60,0
46,4500000.0,11900000.0,12,0
47,4300000.0,46100000.0,24,0
38,4700000.0,5300000.0,36,0
45,12000000.0,87000000.0,60,0
37,4400000.0,51500000.0,36,0
42,7400000.0,5600000.0,24,0
48,22300000.0,84000000.0,24,0
45,10800000.0,11000000.0,12,0
40,5100000.0,5700000.0,6,0
36,10900000.0,56700000.0,36,0
21,7500000.0,18300000.0,24,0
30,3800000.0,25300000.0,36,0
40,6500000.0,16700000.0,18,0
52,3600000.0,36000000.0,36,0
30,3000000.0,8600000.0,24,0
52,2500000.0,15200000.0,36,1
28,15700000.0,18000000.0,6,0
47,5300000.0,11000000.0,18,0
21,5200000.0,10700000.0,24,0
35,11900000.0,31500000.0,12,0
48,11000000.0,19800000.0,60,0
46,20000000.0,33700000.0,12,0
27,10000000.0,43100000.0,18,0
26,9300000.0,28500000.0,48,0
35,6500000.0,7400000.0,12,0
57,7500000.0,19900000.0,36,0
38,4900000.0,34200000.0,36,0
41,3700000.0,25400000.0,36,0
46,2600000.0,18900000.0,24,1
45,5200000.0,25200000.0,36,0
25,14400000.0,26600000.0,6,0
37,15800000.0,98100000.0,48,0
44,10700000.0,79800000.0,36,1
29,4500000.0,33400000.0,24,1
42,19500000.0,198100000.0,36,1
37,8300000.0,50600000.0,60,1
46,13700000.0,44900000.0,36,0
42,5300000.0,42700000.0,36,0
21,5300000.0,13500000.0,12,0
30,8100000.0,27900000.0,24,0
38,7100000.0,43900000.0,36,0
39,5100000.0,15700000.0,12,1
47,4800000.0,13600000.0,12,0
25,3700000.0,19100000.0,24,1
36,16300000.0,31900000.0,24,0
41,8100000.0,14800000.0,48,0
38,8800000.0,11400000.0,18,0
41,14700000.0,47200000.0,36,0
46,4400000.0,6800000.0,36,0
30,9400000.0,16200000.0,36,0
27,10600000.0,22100000.0,12,0
21,8300000.0,21100000.0,12,0
35,11400000.0,104100000.0,36,0
33,22000000.0,65100000.0,24,0
33,11800000.0,95500000.0,60,0
32,5700000.0,45000000.0,48,1
48,13700000.0,107300000.0,24,0
42,9200000.0,12100000.0,24,0
36,8000000.0,27900000.0,12,0
40,6800000.0,4200000.0,6,0
31,9500000.0,73100000.0,48,1
26,12700000.0,42700000.0,12,0
29,11500000.0,21900000.0,48,0
34,12100000.0,64000000.0,24,0
47,11400000.0,10800000.0,6,0
21,6000000.0,60100000.0,60,1
47,14200000.0,14400000.0,6,0
36,8000000.0,15200000.0,12,0
36,10200000.0,34700000.0,24,0
21,6400000.0,41900000.0,24,1
59,6100000.0,52300000.0,48,0
42,5000000.0,9300000.0,12,0
40,11300000.0,22500000.0,6,0
49,22100000.0,46000000.0,12,0
46,10500000.0,27400000.0,18,0
44,3600000.0,22700000.0,48,0
30,10400000.0,15100000.0,6,0
35,11200000.0,136500000.0,48,0
48,5700000.0,44700000.0,36,0
32,4000000.0,7500000.0,24,0
37,2500000.0,3000000.0,6,0
21,14200000.0,130800000.0,36,0
40,25900000.0,4700000.0,6,0
34,44000000.0,108900000.0,12,0
28,7300000.0,25200000.0,36,0
36,10800000.0,62500000.0,18,0
31,9100000.0,11900000.0,36,0
33,5100000.0,12700000.0,12,0
34,5900000.0,11100000.0,36,0
40,11000000.0,26500000.0,18,0
36,15500000.0,11100000.0,24,0
54,12500000.0,72600000.0,36,0
29,9200000.0,51500000.0,24,0
38,9800000.0,55000000.0,36,0
65,4000000.0,10800000.0,24,0
53,4300000.0,20100000.0,24,0
35,10900000.0,21500000.0,12,0
41,5900000.0,8800000.0,12,0
36,10100000.0,25300000.0,12,0
43,22700000.0,40400000.0,18,0
41,9300000.0,68900000.0,48,0
42,3000000.0,23800000.0,48,0
43,13000000.0,40500000.0,12,0
41,8900000.0,75800000.0,48,0
54,21100000.0,56800000.0,12,0
37,11300000.0,49100000.0,12,0
21,11100000.0,76100000.0,24,1
45,9300000.0,3000000.0,6,0
25,10600000.0,21900000.0,12,0
25,7800000.0,60400000.0,36,0
48,12900000.0,13000000.0,24,0
48,11300000.0,24000000.0,12,0
37,5800000.0,24300000.0,36,0
46,4600000.0,8400000.0,60,0
41,5600000.0,11500000.0,36,0
45,6700000.0,37600000.0,36,0
28,5400000.0,32600000.0,24,0
30,4300000.0,25100000.0,36,0
33,6600000.0,70200000.0,36,1
40,18500000.0,30600000.0,6,0
40,6000000.0,43600000.0,36,1
32,28800000.0,108300000.0,24,0
27,8100000.0,91900000.0,48,0
58,6300000.0,57000000.0,36,0
34,7100000.0,70800000.0,36,0
27,10200000.0,14200000.0,24,0
44,5800000.0,14600000.0,18,0
29,9300000.0,18400000.0,12,0
27,5900000.0,3500000.0,18,0
30,7700000.0,45800000.0,36,0
21,6600000.0,22800000.0,24,0
21,13400000.0,15000000.0,36,0
32,11400000.0,91000000.0,24,0
47,5800000.0,35100000.0,24,1
49,5000000.0,12800000.0,36,0
48,21900000.0,121700000.0,18,0
45,11600000.0,118300000.0,36,0
23,3700000.0,31500000.0,36,0
49,16500000.0,96500000.0,24,0
36,5100000.0,9100000.0,60,0
32,7600000.0,94500000.0,36,1
33,8200000.0,27200000.0,24,0
34,4700000.0,3000000.0,12,0
30,14600000.0,93400000.0,24,0
52,17500000.0,68600000.0,24,0
49,19000000.0,64500000.0,18,0
30,25900000.0,115400000.0,36,0
39,8300000.0,3000000.0,6,0
23,16100000.0,40200000.0,24,0
62,9500000.0,10700000.0,24,0
42,6000000.0,4600000.0,24,0
32,14600000.0,35900000.0,12,0
32,5700000.0,17700000.0,36,0
28,4500000.0,49100000.0,60,1
53,2700000.0,15400000.0,48,0
42,2800000.0,18300000.0,36,0
38,8600000.0,37300000.0,24,0
62,10100000.0,58000000.0,24,0
44,3300000.0,5700000.0,18,0
31,12800000.0,12700000.0,18,0
40,10600000.0,83900000.0,36,0
47,17500000.0,11700000.0,12,0
21,11200000.0,154900000.0,48,1
21,3800000.0,5400000.0,12,0
30,6600000.0,13300000.0,12,0
58,5500000.0,5900000.0,36,0
42,5400000.0,17400000.0,12,0
40,4800000.0,13200000.0,12,0
51,22400000.0,395600000.0,48,0
42,5200000.0,5700000.0,36,0
21,9300000.0,155800000.0,60,1
56,8200000.0,16600000.0,24,0
48,14000000.0,50900000.0,18,1
35,6300000.0,4500000.0,24,0
32,11500000.0,47600000.0,36,0
37,8400000.0,30400000.0,36,1
30,7600000.0,37700000.0,36,0
45,12200000.0,10800000.0,12,0
36,6600000.0,88100000.0,48,0
32,7200000.0,40000000.0,36,0
27,7800000.0,13800000.0,6,0
54,10500000.0,62700000.0,36,1
36,9900000.0,42700000.0,36,0
31,11800000.0,66900000.0,18,1
38,5500000.0,6000000.0,36,0
53,9300000.0,21000000.0,36,0
68,9300000.0,21400000.0,24,0
48,12100000.0,70400000.0,24,0
49,14000000.0,141800000.0,36,0
42,5100000.0,7200000.0,24,0
58,3000000.0,31200000.0,60,0
38,9000000.0,36900000.0,36,0
27,15800000.0,17100000.0,36,0
26,7000000.0,69100000.0,36,0
21,5900000.0,21500000.0,48,0
56,3800000.0,16400000.0,24,1
23,6300000.0,79400000.0,60,1
37,15900000.0,51700000.0,18,0
50,4300000.0,18400000.0,60,0
56,7900000.0,18200000.0,60,0
24,10700000.0,45500000.0,12,1
39,15900000.0,27000000.0,12,0
33,12600000.0,22900000.0,24,0
44,7500000.0,49700000.0,36,0
38,10300000.0,38400000.0,24,0
37,4300000.0,48000000.0,48,0
45,19400000.0,86700000.0,12,1
46,12300000.0,41300000.0,18,0
40,11100000.0,9500000.0,24,0
44,6300000.0,40200000.0,18,0
38,9000000.0,35100000.0,36,0
48,4200000.0,34900000.0,36,0
30,16400000.0,99200000.0,36,0
24,16100000.0,75100000.0,36,0
46,11000000.0,45500000.0,24,0
29,4500000.0,20800000.0,36,0
55,3900000.0,11200000.0,18,1
28,15000000.0,8000000.0,6,0
21,19200000.0,134700000.0,24,1
41,34400000.0,174400000.0,48,0
37,8400000.0,170800000.0,48,1
57,27300000.0,55100000.0,36,0
28,5900000.0,16900000.0,18,0
25,7200000.0,12900000.0,24,0
35,5100000.0,6600000.0,12,0
44,11200000.0,149700000.0,48,0
32,12900000.0,95000000.0,24,0
57,6400000.0,18000000.0,24,0
34,5800000.0,93400000.0,36,1
37,3500000.0,5900000.0,12,1
36,7500000.0,6200000.0,24,0
21,9000000.0,18100000.0,36,0
37,9800000.0,55200000.0,24,1
46,6700000.0,8800000.0,24,0
35,11900000.0,264300000.0,60,0
40,8400000.0,45900000.0,36,0
23,13700000.0,16200000.0,12,0
32,2500000.0,3000000.0,24,0
44,7400000.0,27500000.0,36,0
50,2700000.0,11400000.0,24,0
45,17200000.0,137900000.0,24,0
29,7900000.0,15100000.0,18,0
40,19100000.0,151200000.0,48,0
32,3800000.0,3000000.0,6,0
46,6200000.0,27000000.0,24,0
63,7000000.0,66700000.0,60,0
32,23900000.0,135200000.0,24,1
38,12500000.0,41300000.0,48,0
64,5800000.0,48800000.0,36,0
29,6600000.0,36300000.0,36,0
46,16600000.0,23300000.0,12,0
43,2500000.0,20600000.0,36,0
52,2500000.0,6000000.0,24,0
54,7500000.0,64600000.0,60,1
33,17500000.0,119000000.0,36,0
39,7300000.0,3400000.0,6,0
42,5800000.0,15500000.0,12,0
47,10000000.0,44800000.0,24,0
31,6600000.0,12300000.0,36,0
44,16000000.0,10500000.0,6,0
44,6600000.0,30200000.0,36,0
35,26200000.0,42800000.0,24,0
23,4400000.0,13300000.0,12,0
28,3300000.0,35700000.0,36,0
21,3600000.0,33400000.0,24,1
28,7900000.0,35000000.0,24,0
39,21800000.0,177800000.0,36,0
40,6400000.0,21100000.0,36,0
61,3300000.0,7600000.0,12,1
51,6100000.0,7200000.0,6,0
39,16100000.0,176800000.0,48,0
58,6700000.0,40900000.0,48,0
27,12700000.0,65200000.0,36,0
45,17200000.0,24300000.0,18,0
40,5900000.0,6700000.0,12,0
23,7100000.0,15100000.0,6,0
25,13200000.0,18500000.0,12,0
41,9300000.0,87800000.0,48,0
27,10600000.0,33900000.0,36,0
37,7200000.0,12600000.0,36,0
43,7600000.0,16600000.0,12,0
28,12100000.0,67700000.0,24,0
21,10400000.0,53800000.0,24,0
50,5200000.0,3300000.0,6,0
41,32700000.0,60100000.0,24,0
41,3900000.0,3200000.0,24,0
65,11100000.0,158800000.0,48,0
39,3900000.0,9400000.0,24,0
45,14900000.0,16500000.0,36,0
34,13300000.0,9600000.0,24,0
40,6200000.0,9500000.0,36,0
48,6700000.0,27600000.0,36,0
38,2500000.0,4000000.0,12,0
23,6800000.0,9400000.0,36,0
52,4200000.0,5000000.0,36,0
23,21500000.0,47400000.0,12,0
21,15100000.0,22200000.0,6,0
29,6100000.0,4500000.0,6,0
30,3800000.0,37300000.0,36,1
51,5300000.0,14200000.0,18,0
30,13900000.0,84600000.0,36,0
40,4400000.0,3600000.0,18,0
48,8400000.0,71900000.0,60,0
30,10800000.0,95800000.0,36,0
21,4500000.0,5000000.0,12,0
21,20300000.0,196000000.0,36,0
49,13200000.0,9200000.0,12,0
32,26300000.0,125200000.0,48,0
38,2500000.0,7000000.0,24,0
23,9800000.0,13400000.0,6,0
39,7100000.0,25200000.0,24,0
41,10900000.0,32400000.0,36,0
47,11200000.0,42600000.0,24,0
39,4400000.0,14200000.0,24,0
40,6700000.0,61200000.0,36,0
56,18400000.0,249300000.0,48,0
29,12000000.0,42300000.0,24,0
50,11700000.0,58200000.0,24,0
36,12500000.0,25600000.0,24,0
25,15300000.0,27600000.0,36,0
38,10100000.0,87800000.0,36,0
28,9600000.0,53900000.0,48,0
45,6700000.0,29200000.0,24,0
30,5500000.0,11900000.0,24,0
33,14800000.0,35600000.0,24,0
30,6000000.0,10600000.0,36,0
46,7200000.0,11100000.0,6,0
38,3600000.0,8900000.0,12,0
29,4500000.0,12100000.0,24,0
53,9600000.0,27900000.0,24,0
53,14700000.0,38200000.0,24,0
45,8000000.0,5800000.0,24,0
47,8900000.0,8600000.0,12,0
40,16400000.0,14800000.0,12,0
51,14500000.0,37300000.0,18,0
32,6900000.0,38000000.0,48,0
36,5700000.0,51900000.0,48,0
44,7500000.0,3000000.0,6,0
32,15300000.0,85500000.0,36,0
59,11200000.0,20000000.0,6,0
29,8300000.0,50700000.0,24,0
22,5500000.0,10300000.0,12,0
43,12000000.0,65500000.0,36,0
32,6600000.0,7100000.0,12,0
53,12200000.0,112700000.0,48,0
40,11200000.0,88500000.0,24,0
53,18400000.0,28300000.0,18,0
39,9500000.0,18600000.0,36,0
27,15000000.0,111500000.0,36,0
21,13400000.0,14700000.0,36,0
31,17300000.0,13000000.0,12,0
42,4700000.0,3000000.0,6,0
38,3400000.0,7600000.0,18,1
51,6300000.0,14400000.0,36,0
42,2500000.0,5100000.0,12,0
42,7700000.0,22400000.0,18,0
55,8500000.0,12000000.0,12,0
40,7700000.0,22100000.0,12,0
21,14400000.0,114100000.0,36,0
25,8300000.0,19400000.0,12,0
30,15500000.0,63800000.0,36,0
26,6000000.0,45300000.0,36,1
48,7200000.0,9600000.0,6,0
39,10100000.0,24000000.0,12,0
21,6400000.0,22100000.0,18,1
38,7200000.0,52900000.0,36,0
40,11900000.0,85000000.0,36,0
54,21500000.0,118900000.0,24,0
22,14300000.0,43300000.0,12,0
21,6600000.0,21000000.0,24,0
41,8800000.0,58900000.0,24,0
43,9500000.0,39900000.0,12,0
25,6200000.0,27400000.0,36,0
49,6500000.0,46100000.0,36,0
41,11200000.0,16100000.0,48,0
39,7600000.0,35700000.0,24,0
38,11100000.0,54500000.0,24,0
39,7700000.0,79900000.0,48,0
38,11300000.0,42800000.0,24,0
34,3800000.0,12900000.0,18,1
32,11300000.0,29400000.0,24,0
28,10700000.0,22800000.0,18,0
34,8200000.0,8600000.0,12,0
32,9700000.0,16000000.0,24,0
45,7500000.0,42000000.0,48,0
46,9900000.0,60000000.0,36,0
36,6700000.0,24300000.0,12,0
34,7900000.0,5700000.0,24,0
60,9100000.0,22700000.0,36,0
36,14300000.0,44300000.0,12,0
21,5800000.0,85600000.0,60,1
46,3200000.0,25200000.0,36,1
34,7900000.0,36000000.0,60,0
34,11000000.0,17700000.0,12,0
45,22200000.0,79100000.0,36,0
46,5000000.0,25100000.0,18,0
21,10800000.0,5500000.0,12,0
32,14700000.0,87100000.0,36,0
54,10400000.0,29600000.0,36,0
51,5900000.0,9000000.0,24,0
29,10300000.0,61600000.0,24,0
40,10200000.0,53400000.0,24,0
21,10200000.0,30800000.0,36,0
38,6300000.0,63200000.0,36,0
50,5400000.0,9400000.0,36,0
46,2800000.0,3300000.0,24,0
33,15700000.0,22000000.0,12,0
42,10000000.0,17700000.0,12,0
54,22100000.0,29500000.0,12,0
61,9500000.0,36700000.0,48,0
27,4800000.0,13200000.0,36,0
29,4800000.0,50600000.0,48,0
23,6800000.0,28900000.0,36,0
32,3900000.0,29100000.0,48,0
32,16700000.0,74000000.0,18,1
25,8100000.0,27700000.0,24,0
30,10100000.0,41100000.0,24,0
55,12000000.0,63700000.0,48,0
47,18900000.0,197400000.0,36,0
56,9000000.0,30100000.0,36,0
24,4200000.0,37400000.0,48,0
33,5800000.0,10500000.0,60,0
41,11000000.0,149700000.0,48,1
34,12900000.0,15800000.0,36,0
48,23100000.0,99000000.0,24,0
44,8300000.0,95700000.0,60,1
57,2900000.0,9500000.0,36,0
31,5100000.0,12500000.0,12,0
30,19500000.0,233800000.0,48,0
36,15500000.0,132600000.0,60,0
43,16600000.0,64900000.0,12,0
38,11900000.0,21500000.0,36,0
44,4800000.0,66500000.0,48,1
38,3100000.0,5000000.0,18,0
40,6400000.0,3100000.0,12,0
46,9500000.0,22700000.0,36,0
21,12400000.0,45800000.0,18,0
56,12200000.0,35800000.0,12,0
22,7800000.0,24400000.0,18,0
44,6000000.0,10000000.0,24,0
38,4500000.0,11300000.0,12,0
50,6000000.0,57800000.0,36,0
40,4400000.0,31000000.0,24,0
44,11100000.0,102300000.0,36,0
46,10500000.0,48300000.0,24,0
31,5800000.0,46900000.0,36,1
32,4200000.0,15900000.0,24,0
22,6800000.0,33800000.0,36,0
50,6000000.0,96900000.0,48,0
60,6900000.0,11800000.0,18,0
68,6800000.0,54000000.0,36,0
49,11600000.0,5400000.0,6,0
26,6400000.0,36900000.0,24,0
34,7200000.0,15200000.0,6,0
24,10500000.0,13500000.0,24,0
44,9700000.0,77800000.0,36,0
50,3800000.0,17300000.0,24,0
27,24400000.0,221700000.0,24,0
39,5000000.0,17600000.0,36,0
48,10000000.0,26500000.0,12,0
50,9300000.0,21700000.0,36,0
36,8800000.0,28400000.0,36,0
42,3200000.0,15000000.0,36,0
46,7100000.0,47800000.0,36,0
48,5900000.0,33900000.0,24,0
38,17400000.0,77500000.0,24,0
57,21500000.0,168300000.0,36,0
35,10400000.0,9600000.0,12,0
46,10400000.0,31100000.0,24,0
47,8700000.0,8800000.0,12,0
38,7700000.0,17000000.0,24,0
46,7000000.0,61700000.0,36,0
25,3900000.0,7600000.0,60,0
27,8600000.0,119100000.0,60,0
40,8800000.0,50800000.0,36,0
50,15500000.0,8400000.0,18,0
53,3000000.0,12400000.0,12,1
30,13600000.0,26800000.0,18,0
35,6100000.0,25500000.0,60,0
40,10100000.0,21000000.0,12,0
38,4500000.0,28500000.0,36,0
30,27500000.0,258700000.0,48,0
25,6500000.0,7800000.0,18,0
40,19200000.0,43300000.0,12,0
28,14300000.0,65900000.0,24,1
22,10800000.0,10300000.0,6,0
33,23900000.0,20100000.0,24,0
46,5800000.0,4200000.0,24,0
38,17200000.0,79900000.0,18,0
35,7700000.0,58200000.0,60,0
27,7700000.0,22200000.0,36,0
21,9900000.0,10700000.0,36,0
35,8300000.0,47900000.0,36,0
36,17100000.0,76700000.0,36,1
55,7200000.0,115800000.0,36,1
31,14800000.0,40300000.0,36,0
25,5800000.0,3000000.0,12,0
36,11200000.0,45400000.0,18,0
47,10700000.0,23000000.0,12,1
22,4900000.0,4500000.0,6,1
43,7500000.0,79000000.0,36,0
37,4600000.0,15800000.0,36,0
25,5600000.0,8800000.0,18,0
26,20600000.0,55400000.0,24,0
59,15800000.0,175900000.0,48,0
37,10300000.0,30400000.0,18,0
33,7300000.0,11300000.0,12,0
35,10900000.0,28800000.0,24,0
38,5300000.0,30200000.0,24,1
48,8300000.0,129300000.0,48,1
37,26700000.0,41700000.0,24,0
42,15200000.0,66500000.0,24,0
30,4200000.0,90800000.0,48,1
46,11400000.0,227200000.0,60,0
26,13100000.0,128400000.0,36,0
30,9100000.0,58500000.0,24,0
21,3700000.0,16100000.0,36,1
44,3100000.0,5000000.0,6,1
40,14200000.0,100700000.0,36,0
30,7800000.0,13000000.0,12,0
31,6700000.0,106600000.0,60,1
38,19800000.0,102500000.0,36,0
31,9100000.0,15200000.0,24,0
37,7800000.0,48600000.0,24,0
36,16900000.0,42300000.0,24,0
46,9500000.0,27300000.0,36,0
43,19400000.0,7000000.0,12,0
38,6400000.0,4500000.0,6,0
45,6700000.0,33900000.0,12,0
26,9400000.0,31600000.0,24,0
42,13900000.0,46400000.0,24,0
37,9000000.0,117700000.0,48,1
46,15300000.0,162000000.0,48,0
37,14400000.0,54600000.0,36,0
53,2500000.0,3000000.0,24,0
31,4700000.0,17900000.0,24,1
37,11400000.0,29200000.0,24,0
24,10400000.0,13400000.0,36,0
36,5000000.0,5000000.0,24,0
33,4900000.0,6100000.0,6,0
49,12000000.0,60700000.0,36,0
31,14000000.0,154900000.0,36,0
24,8000000.0,8500000.0,24,0
37,3700000.0,50700000.0,48,1
39,8000000.0,4500000.0,12,0
33,10000000.0,96600000.0,48,0
28,22900000.0,64600000.0,24,0
24,12900000.0,23200000.0,6,0
41,16600000.0,76000000.0,36,0
25,3100000.0,10100000.0,24,0
32,22400000.0,169800000.0,36,0
34,3600000.0,5000000.0,24,0
66,5200000.0,5100000.0,12,0
29,9000000.0,21700000.0,12,0
21,6900000.0,48600000.0,36,0
37,17600000.0,20300000.0,12,0
55,2500000.0,18400000.0,24,0
56,5500000.0,27000000.0,36,0
32,7600000.0,71900000.0,36,1
49,6400000.0,21300000.0,36,0
60,9200000.0,47900000.0,24,1
39,3300000.0,8700000.0,24,0
36,6600000.0,80700000.0,36,1
32,9600000.0,23300000.0,18,0
41,3700000.0,14300000.0,18,0
38,10000000.0,35000000.0,12,1
42,19100000.0,39900000.0,24,0
39,14700000.0,10300000.0,6,0
22,7100000.0,6200000.0,6,1
36,11900000.0,27000000.0,60,0
49,10300000.0,15200000.0,12,0
36,5600000.0,26900000.0,36,0
21,3100000.0,13300000.0,36,0
34,14000000.0,11000000.0,6,0
40,5100000.0,3000000.0,12,0
44,7700000.0,23800000.0,12,0
21,4200000.0,12000000.0,12,0
51,9900000.0,46600000.0,36,0
55,8200000.0,13100000.0,12,0
43,12400000.0,63600000.0,24,0
24,5700000.0,22700000.0,24,0
50,12100000.0,22600000.0,12,0
22,5300000.0,8800000.0,24,0
44,11300000.0,60800000.0,48,0
47,9600000.0,44200000.0,36,0
46,7300000.0,11900000.0,36,0
33,6400000.0,38500000.0,36,1
32,5200000.0,23200000.0,24,0
39,7000000.0,60500000.0,60,0
21,6200000.0,13700000.0,12,0
29,3500000.0,4100000.0,12,0
26,10100000.0,29300000.0,24,0
48,8100000.0,8000000.0,12,0
56,3900000.0,3000000.0,12,0
38,5000000.0,32800000.0,24,1
43,12700000.0,57900000.0,18,1
51,12600000.0,50300000.0,60,0
60,9000000.0,14300000.0,18,0
36,13000000.0,27500000.0,24,0
41,6900000.0,25700000.0,24,0
46,11100000.0,8200000.0,12,0
30,8100000.0,45300000.0,48,0
28,12500000.0,10900000.0,12,0
31,16600000.0,178600000.0,48,0
54,13800000.0,26600000.0,12,0
45,9800000.0,9300000.0,12,0
39,5300000.0,7100000.0,12,1
26,28700000.0,48300000.0,48,0
21,15400000.0,183300000.0,36,1
49,7700000.0,26800000.0,24,0
50,32600000.0,26300000.0,6,0
43,9000000.0,59500000.0,36,0
21,4800000.0,4500000.0,6,0
41,8800000.0,50900000.0,36,0
38,9200000.0,20400000.0,18,0
41,16100000.0,64800000.0,60,0
55,6100000.0,20400000.0,12,0
40,13000000.0,56200000.0,36,0
21,7100000.0,28000000.0,12,0
49,6500000.0,14900000.0,12,0
34,17400000.0,14100000.0,6,0
50,4300000.0,14200000.0,12,0
21,10300000.0,55500000.0,36,0
40,2900000.0,3000000.0,6,1
48,3000000.0,18100000.0,24,0
23,4500000.0,16000000.0,12,1
39,7000000.0,10800000.0,12,0
39,9400000.0,42100000.0,18,0
27,8600000.0,14500000.0,12,0
23,7800000.0,41900000.0,36,0
51,10100000.0,28100000.0,36,0
44,8700000.0,100600000.0,60,0
24,9900000.0,54300000.0,24,0
47,12400000.0,34200000.0,18,0
38,6900000.0,106900000.0,48,0
28,5300000.0,42100000.0,36,0
35,5300000.0,5000000.0,6,0
35,4000000.0,12300000.0,12,0
21,18300000.0,102300000.0,48,0
42,19300000.0,131900000.0,48,0
31,17100000.0,117500000.0,48,0
23,3700000.0,16100000.0,24,0
34,26200000.0,154100000.0,24,0
33,4500000.0,25100000.0,24,0
42,22400000.0,387700000.0,60,0
35,9800000.0,24300000.0,18,0
30,3300000.0,3500000.0,18,0
40,24100000.0,42500000.0,6,0
52,5800000.0,11000000.0,48,0
40,11800000.0,18200000.0,12,0
45,3400000.0,23400000.0,48,0
33,6400000.0,69200000.0,48,1
40,24500000.0,116100000.0,18,0
28,12100000.0,41500000.0,24,0
39,16300000.0,43600000.0,12,0
36,6900000.0,29400000.0,48,0
33,5200000.0,16800000.0,12,1
39,9400000.0,24700000.0,12,1
46,4800000.0,17700000.0,24,0
43,5700000.0,10200000.0,36,0
44,17700000.0,93400000.0,36,0
45,15400000.0,21500000.0,12,0
46,9500000.0,9700000.0,12,0
33,5600000.0,43300000.0,36,0
43,6400000.0,19600000.0,12,0
41,11800000.0,53400000.0,48,0
44,9500000.0,6600000.0,6,0
49,4300000.0,13700000.0,36,0
39,16600000.0,18600000.0,12,0
21,5500000.0,27700000.0,24,0
29,8900000.0,16000000.0,60,0
23,8900000.0,55900000.0,36,0
50,14900000.0,65900000.0,18,0
42,4400000.0,28900000.0,48,0
47,13700000.0,58800000.0,24,0
69,7100000.0,30300000.0,36,0
37,4400000.0,15800000.0,48,0
23,7900000.0,12800000.0,6,1
49,4500000.0,26800000.0,36,0
52,9900000.0,39600000.0,24,0
64,14000000.0,43800000.0,36,0
29,13200000.0,71600000.0,24,0
56,15800000.0,51300000.0,24,0
21,3600000.0,6700000.0,24,0
27,6900000.0,71200000.0,48,0
47,4200000.0,12800000.0,36,0
29,3100000.0,50600000.0,48,1
50,7200000.0,16100000.0,36,0
52,10800000.0,63800000.0,48,0
45,11000000.0,75800000.0,36,0
49,3900000.0,14300000.0,12,1
28,15400000.0,39900000.0,24,0
46,12200000.0,38600000.0,12,0
59,7100000.0,5100000.0,24,0
21,7600000.0,17300000.0,24,0
23,6900000.0,33900000.0,36,0
39,4000000.0,7000000.0,24,0
41,33600000.0,500000000.0,60,0
41,3500000.0,5000000.0,12,0
37,9800000.0,46200000.0,12,0
21,7800000.0,49900000.0,24,0
50,12600000.0,7700000.0,6,0
33,7000000.0,12600000.0,12,0
42,9300000.0,56200000.0,24,0
28,8600000.0,37800000.0,48,0
33,10800000.0,175400000.0,60,0
42,21500000.0,22900000.0,6,0
21,2500000.0,3200000.0,12,1
25,3300000.0,4100000.0,12,0
31,13700000.0,54700000.0,18,0
22,10100000.0,3000000.0,6,0
25,24200000.0,83100000.0,12,0
31,8800000.0,34500000.0,48,0
21,7900000.0,40800000.0,36,0
47,31200000.0,223100000.0,24,0
53,9700000.0,16000000.0,24,0
32,9100000.0,111800000.0,48,0
21,6000000.0,23800000.0,36,0
22,15000000.0,8400000.0,6,0
40,5500000.0,25000000.0,24,0
31,8700000.0,8700000.0,18,0
46,10600000.0,134900000.0,60,1
30,3200000.0,32700000.0,48,0
40,38300000.0,308400000.0,24,0
45,4900000.0,11000000.0,24,0
39,10700000.0,59800000.0,48,0
27,5800000.0,12300000.0,12,0
40,3300000.0,28700000.0,36,0
61,10200000.0,100800000.0,48,0
31,12700000.0,92700000.0,48,0
21,4900000.0,5400000.0,12,0
35,4100000.0,17600000.0,18,0
55,10200000.0,101400000.0,48,0
32,12400000.0,23200000.0,24,0
50,4500000.0,11300000.0,12,1
32,5700000.0,24300000.0,24,0
42,9000000.0,48500000.0,36,0
49,3800000.0,3000000.0,6,0
38,5400000.0,7700000.0,6,0
42,9100000.0,103600000.0,48,0
38,13500000.0,109400000.0,24,0
58,5600000.0,19200000.0,36,0
30,6600000.0,13500000.0,24,0
43,10000000.0,49500000.0,24,0
25,5900000.0,34100000.0,24,0
41,26800000.0,56400000.0,12,0
26,8800000.0,39700000.0,60,0
42,8800000.0,22700000.0,12,1
47,6200000.0,55000000.0,48,1
44,5100000.0,29200000.0,48,0
51,17100000.0,63300000.0,36,0
37,7000000.0,112600000.0,60,0
42,5000000.0,13200000.0,12,0
47,8800000.0,25000000.0,18,0
31,9600000.0,37000000.0,18,0
29,2500000.0,15100000.0,60,0
50,7000000.0,3000000.0,6,0
34,4500000.0,9500000.0,24,0
44,16800000.0,265400000.0,60,0
37,19400000.0,90000000.0,24,1
30,8900000.0,12200000.0,24,0
21,8600000.0,28100000.0,24,1
43,12500000.0,231400000.0,48,1
32,9800000.0,78700000.0,48,0
43,24300000.0,98000000.0,24,0
58,11700000.0,68100000.0,18,0
51,4600000.0,66300000.0,36,0
44,7100000.0,31600000.0,48,0
51,5100000.0,21300000.0,36,0
42,7900000.0,3000000.0,12,0
43,6500000.0,8200000.0,6,0
35,4500000.0,8100000.0,6,0
34,9900000.0,52400000.0,36,0
62,6100000.0,17300000.0,24,0
29,10600000.0,64500000.0,36,0
28,13200000.0,15200000.0,12,0
21,7100000.0,9200000.0,12,0
32,12700000.0,26800000.0,24,0
49,6100000.0,30800000.0,24,0
43,15900000.0,155900000.0,36,0
21,3100000.0,21400000.0,24,0
46,2700000.0,14300000.0,36,1
21,15800000.0,20200000.0,12,0
45,9500000.0,17100000.0,60,0
44,12200000.0,8800000.0,24,0
44,12800000.0,57500000.0,36,0
37,12200000.0,67500000.0,24,0
25,8100000.0,59200000.0,60,0
34,18300000.0,16000000.0,24,0
29,22500000.0,67500000.0,36,0
35,8600000.0,27700000.0,12,1
28,10800000.0,109700000.0,36,0
21,11100000.0,49300000.0,36,0
41,9900000.0,12200000.0,24,0
38,10600000.0,41400000.0,12,1
51,5800000.0,53800000.0,60,0
46,4500000.0,18500000.0,24,0
51,3100000.0,28800000.0,36,0
45,14400000.0,120400000.0,36,0
41,3600000.0,15800000.0,36,1
24,6600000.0,34200000.0,18,1
33,8400000.0,7400000.0,6,0
39,6100000.0,3000000.0,12,0
42,8000000.0,99200000.0,60,0
28,5100000.0,12000000.0,12,0
47,6700000.0,8100000.0,24,0
45,6900000.0,10200000.0,12,0
26,8800000.0,37100000.0,24,0
35,17500000.0,41400000.0,48,0
47,10700000.0,15700000.0,18,0
40,10900000.0,103000000.0,60,0
42,18700000.0,25600000.0,12,0
40,13600000.0,19400000.0,24,0
35,8700000.0,33900000.0,18,0
25,5800000.0,6900000.0,24,0
38,10000000.0,79500000.0,36,1
33,5800000.0,28100000.0,24,0
38,15900000.0,22600000.0,24,0
46,7100000.0,25900000.0,24,0
42,15100000.0,36600000.0,24,0
35,7100000.0,25300000.0,24,0
34,25400000.0,12500000.0,12,0
38,10200000.0,58300000.0,48,0
31,12800000.0,82700000.0,60,0
40,4700000.0,51500000.0,60,0
33,4400000.0,9300000.0,18,0
33,6800000.0,18800000.0,12,1
51,16400000.0,14000000.0,24,0
39,9000000.0,14400000.0,6,0
27,3000000.0,24600000.0,36,0
21,3900000.0,3000000.0,6,0
45,3100000.0,3000000.0,12,0
21,10200000.0,3000000.0,6,0
37,8300000.0,85700000.0,36,0
45,5300000.0,10100000.0,24,0
42,8600000.0,14400000.0,24,0
40,9000000.0,57800000.0,24,1
55,3100000.0,11700000.0,36,0
47,6200000.0,23200000.0,12,0
26,14900000.0,110900000.0,24,0
45,13700000.0,6800000.0,6,0
27,17100000.0,15200000.0,12,0
47,15600000.0,42300000.0,18,0
21,4600000.0,15200000.0,12,0
32,11100000.0,31700000.0,24,0
40,10400000.0,22000000.0,24,0
37,6600000.0,36700000.0,36,0
53,13400000.0,9400000.0,6,0
36,7600000.0,59000000.0,24,1
34,9500000.0,24000000.0,12,0
47,10400000.0,54000000.0,36,0
36,3400000.0,25500000.0,24,0
22,7200000.0,27800000.0,24,1
44,11500000.0,102200000.0,60,0
53,5300000.0,26800000.0,36,0
29,24000000.0,217300000.0,36,0
35,23200000.0,28400000.0,6,0
51,6200000.0,38600000.0,36,1
35,20200000.0,36400000.0,60,0
21,7900000.0,71100000.0,48,0
34,5200000.0,101200000.0,60,1
21,16300000.0,22200000.0,6,0
49,4000000.0,23600000.0,36,1
21,7000000.0,27300000.0,24,0
44,15300000.0,48100000.0,18,0
41,7500000.0,10700000.0,12,0
30,12600000.0,191600000.0,60,0
21,4600000.0,7000000.0,6,1
21,12100000.0,32900000.0,60,0
28,19300000.0,136000000.0,36,0
26,6800000.0,42500000.0,48,1
33,9900000.0,80600000.0,36,0
34,8600000.0,31800000.0,18,1
25,9900000.0,7400000.0,12,0
51,10600000.0,75600000.0,36,0
30,18200000.0,10500000.0,6,0
40,3800000.0,16400000.0,24,0
46,5800000.0,17100000.0,24,0
35,13400000.0,34300000.0,18,0
50,6800000.0,15800000.0,12,1
30,20100000.0,153000000.0,48,0
51,4800000.0,5200000.0,36,0
43,3400000.0,9800000.0,18,0
40,8400000.0,55500000.0,24,0
21,17600000.0,57100000.0,36,0
50,8800000.0,14700000.0,18,0
28,9500000.0,121300000.0,60,0
21,7700000.0,36800000.0,24,0
36,4900000.0,37500000.0,36,0
21,9400000.0,34700000.0,48,0
35,10300000.0,152200000.0,60,0
42,8800000.0,4800000.0,18,0
52,4200000.0,11200000.0,36,0
21,9500000.0,22900000.0,12,0
24,5300000.0,26700000.0,36,0
38,10300000.0,22500000.0,12,0
44,12600000.0,21300000.0,12,0
21,2900000.0,3000000.0,6,0
29,10000000.0,32900000.0,24,0
33,8400000.0,33800000.0,48,0
43,3900000.0,18700000.0,24,0
50,4500000.0,20100000.0,12,0
32,3800000.0,7700000.0,24,0
45,9000000.0,56600000.0,36,0
35,6200000.0,46500000.0,36,0
56,26300000.0,101600000.0,24,0
36,3600000.0,9900000.0,36,0
27,9300000.0,5100000.0,6,0
32,8000000.0,26600000.0,36,0
32,5500000.0,42600000.0,36,0
36,3100000.0,68700000.0,60,1
38,7100000.0,19800000.0,36,0
27,4800000.0,55100000.0,36,1
47,4600000.0,4600000.0,12,0
21,13900000.0,52100000.0,36,0
21,7500000.0,42600000.0,36,0
52,6700000.0,37100000.0,36,0
40,4600000.0,38000000.0,36,0
29,24500000.0,96000000.0,12,0
60,2500000.0,4000000.0,18,0
50,4100000.0,25100000.0,24,0
53,21600000.0,45900000.0,6,0
38,5900000.0,30300000.0,36,0
34,2500000.0,15100000.0,60,0
49,9100000.0,8100000.0,6,0
60,12600000.0,40800000.0,48,0
32,12100000.0,23600000.0,12,0
31,25000000.0,52800000.0,36,0
53,14300000.0,98800000.0,18,0
42,2500000.0,5700000.0,24,0
32,2900000.0,5400000.0,18,1
22,16800000.0,20600000.0,12,0
31,10300000.0,72300000.0,36,0
46,23300000.0,13300000.0,6,0
33,4500000.0,31600000.0,36,0
21,12700000.0,25400000.0,60,0
38,3200000.0,12300000.0,36,0
44,6900000.0,14500000.0,12,0
32,7100000.0,19900000.0,24,0
44,8000000.0,141300000.0,48,0
30,6300000.0,8700000.0,18,0
21,8100000.0,15100000.0,12,1
39,2500000.0,9100000.0,36,0
41,6900000.0,49500000.0,36,0
35,6200000.0,69000000.0,60,0
35,9500000.0,17900000.0,12,0
38,6600000.0,10000000.0,12,0
33,4100000.0,8000000.0,24,0
42,10000000.0,58700000.0,24,0
25,11300000.0,16000000.0,18,0
35,15600000.0,22700000.0,18,0
64,4400000.0,3000000.0,6,0
31,8600000.0,15400000.0,12,0
38,4500000.0,19400000.0,18,0
32,17100000.0,67900000.0,24,0
29,7600000.0,13300000.0,36,0
24,5500000.0,10200000.0,18,0
35,16200000.0,44000000.0,12,0
29,2600000.0,5500000.0,48,0
53,10400000.0,28400000.0,36,0
43,3700000.0,23900000.0,36,0
29,17000000.0,12900000.0,12,0
44,10600000.0,26500000.0,24,0
39,10400000.0,11500000.0,24,0
39,8300000.0,10600000.0,6,0
35,13500000.0,16000000.0,18,0
24,18500000.0,33400000.0,24,0
26,10500000.0,27100000.0,12,0
24,9400000.0,14100000.0,12,0
43,7200000.0,12200000.0,24,0
23,4800000.0,5900000.0,6,0
39,6100000.0,19300000.0,18,0
44,8400000.0,28400000.0,24,0
24,11000000.0,32400000.0,18,1
32,6500000.0,44500000.0,24,1
70,11800000.0,82900000.0,24,0
46,23000000.0,51200000.0,18,0
42,5800000.0,10100000.0,18,0
34,7200000.0,40800000.0,18,1
41,8800000.0,26100000.0,12,0
54,6800000.0,25000000.0,36,0
27,15800000.0,161500000.0,36,0
36,11800000.0,87200000.0,48,0
37,10400000.0,29400000.0,24,0
45,8100000.0,20300000.0,12,0
46,9000000.0,17800000.0,48,0
40,3700000.0,16400000.0,18,0
35,7500000.0,36900000.0,36,0
28,13000000.0,26200000.0,24,0
33,20900000.0,18000000.0,6,0
25,28100000.0,240200000.0,36,0
50,12500000.0,21000000.0,24,0
27,11400000.0,28200000.0,24,0
30,4800000.0,14300000.0,12,0
36,5900000.0,10100000.0,12,0
37,17300000.0,62600000.0,24,0
22,5000000.0,79900000.0,60,1
46,8400000.0,36700000.0,24,0
26,26700000.0,74600000.0,24,0
31,5700000.0,61800000.0,36,0
27,16400000.0,102200000.0,48,0
21,9900000.0,21000000.0,12,0
35,21700000.0,63500000.0,24,0
38,13900000.0,49100000.0,24,0
22,7300000.0,38300000.0,24,0
32,12700000.0,73500000.0,36,0
43,6400000.0,43000000.0,36,0
30,20900000.0,132300000.0,18,1
42,5600000.0,6300000.0,24,0
21,14900000.0,12800000.0,12,0
44,13000000.0,25400000.0,12,0
39,4600000.0,7700000.0,12,0
40,7900000.0,29600000.0,12,0
48,17400000.0,93400000.0,60,0
34,6400000.0,51700000.0,36,0
37,8000000.0,217200000.0,60,0
47,11400000.0,26500000.0,24,0
35,8800000.0,9700000.0,24,0
35,3200000.0,9200000.0,12,0
35,7100000.0,33600000.0,48,0
55,7600000.0,37600000.0,24,0
50,7700000.0,39800000.0,48,0
34,7300000.0,145900000.0,60,0
30,18700000.0,24400000.0,18,0
27,9600000.0,46600000.0,24,0
30,10400000.0,25800000.0,18,0
48,13000000.0,77700000.0,24,0
21,11900000.0,55600000.0,36,0
54,6200000.0,7100000.0,12,0
46,6300000.0,36200000.0,36,0
34,10000000.0,10800000.0,36,0
53,6800000.0,15300000.0,12,0
52,3100000.0,10600000.0,12,0
21,14400000.0,31700000.0,24,0
21,4800000.0,10000000.0,36,0
48,4800000.0,21600000.0,36,0
29,9400000.0,90600000.0,24,0
33,5500000.0,3000000.0,6,0
45,7300000.0,9700000.0,24,0
36,2700000.0,3100000.0,6,0
28,10800000.0,107400000.0,36,0
49,10400000.0,99000000.0,48,0
43,4700000.0,7200000.0,6,0
21,7800000.0,16200000.0,36,0
43,4400000.0,20700000.0,24,0
47,5200000.0,16700000.0,12,0
29,8200000.0,7900000.0,6,1
39,7700000.0,30600000.0,24,0
26,5400000.0,33800000.0,36,1
42,6000000.0,21700000.0,24,0
43,6900000.0,8500000.0,6,0
50,10100000.0,93700000.0,36,0
55,7000000.0,67200000.0,48,0
32,16800000.0,45900000.0,24,0
49,3100000.0,14000000.0,12,1
45,7800000.0,16000000.0,12,0
29,12400000.0,18200000.0,12,0
42,5300000.0,28900000.0,24,0
35,11300000.0,71500000.0,24,0
33,13600000.0,95500000.0,36,0
28,16900000.0,27600000.0,12,0
22,3600000.0,6400000.0,6,0
40,9800000.0,118700000.0,36,1
40,9100000.0,32300000.0,24,1
28,7500000.0,35700000.0,36,0
29,2500000.0,3000000.0,18,0
27,14500000.0,58300000.0,48,0
55,17000000.0,30300000.0,12,0
33,2900000.0,4900000.0,12,0
44,2500000.0,3000000.0,12,0
35,6000000.0,11500000.0,12,0
47,11100000.0,42900000.0,60,0
23,8400000.0,53500000.0,24,0
40,11900000.0,46700000.0,18,0
23,13300000.0,7700000.0,6,0
35,11000000.0,253300000.0,60,0
44,4400000.0,7200000.0,12,0
21,11800000.0,30400000.0,48,0
21,8200000.0,24900000.0,18,0
42,10000000.0,61100000.0,36,0
46,17200000.0,297700000.0,60,0
60,4500000.0,8300000.0,18,0
35,5900000.0,18800000.0,12,0
37,8000000.0,11100000.0,12,0
39,19300000.0,31900000.0,12,0
37,11600000.0,44400000.0,24,0
27,8000000.0,63000000.0,36,1
31,4100000.0,35600000.0,36,0
44,6600000.0,12400000.0,24,0
46,9100000.0,82100000.0,36,1
38,13800000.0,139100000.0,60,0
33,9800000.0,31800000.0,24,0
42,2900000.0,9200000.0,36,0
46,8500000.0,25900000.0,12,0
38,6200000.0,18100000.0,48,0
44,13900000.0,12400000.0,6,0
34,3900000.0,4200000.0,36,0
21,7900000.0,121500000.0,60,1
21,19900000.0,100700000.0,36,0
70,4900000.0,7600000.0,12,0
58,7400000.0,52900000.0,48,0
41,7400000.0,62800000.0,36,0
47,7400000.0,16600000.0,12,0
21,14900000.0,48600000.0,24,0
37,11900000.0,21500000.0,6,0
50,6500000.0,28900000.0,12,0
24,28500000.0,139500000.0,36,1
41,9100000.0,12500000.0,18,0
47,5700000.0,6200000.0,6,0
37,11000000.0,28500000.0,24,0
56,10500000.0,27700000.0,24,0
29,2700000.0,29500000.0,36,1
33,6600000.0,18500000.0,24,0
37,5300000.0,13900000.0,24,0
50,25500000.0,38600000.0,24,0
46,5500000.0,16300000.0,24,0
39,11500000.0,58700000.0,24,0
38,6600000.0,14800000.0,48,0
34,9200000.0,40600000.0,24,1
35,21200000.0,100000000.0,24,0
41,6400000.0,11300000.0,12,0
30,17700000.0,79300000.0,36,0
47,18700000.0,43000000.0,18,0
40,3800000.0,12800000.0,12,1
32,15300000.0,67200000.0,24,0
40,6500000.0,4700000.0,24,0
43,18000000.0,23800000.0,18,0
45,6700000.0,4800000.0,6,0
22,31300000.0,14900000.0,6,0
45,3500000.0,7700000.0,60,0
23,4100000.0,6200000.0,24,0
34,20700000.0,127400000.0,24,0
36,4000000.0,18100000.0,36,0
32,8000000.0,20300000.0,36,0
32,10700000.0,66500000.0,24,1
39,7200000.0,21100000.0,12,0
25,15100000.0,22600000.0,12,0
32,12700000.0,92300000.0,24,0
35,2600000.0,27000000.0,60,1
68,8700000.0,20000000.0,24,0
31,13200000.0,37100000.0,18,0
46,9900000.0,55900000.0,24,0
24,11000000.0,33500000.0,12,0
27,14500000.0,8100000.0,6,1
21,5700000.0,8000000.0,24,0
21,7600000.0,45200000.0,48,0
39,10000000.0,10900000.0,12,0
25,8600000.0,38000000.0,36,0
25,6500000.0,23700000.0,36,0
40,7100000.0,40000000.0,24,0
46,4700000.0,4700000.0,12,0
24,4700000.0,24400000.0,24,1
39,6000000.0,17800000.0,12,0
43,12600000.0,46100000.0,24,0
45,3900000.0,32200000.0,36,0
54,9400000.0,25500000.0,12,1
54,4200000.0,27100000.0,60,0
30,7100000.0,23000000.0,24,0
37,2800000.0,18400000.0,24,1
33,5600000.0,18800000.0,24,0
41,7500000.0,4100000.0,6,0
32,10800000.0,11600000.0,18,0
39,12300000.0,68700000.0,36,0
39,12100000.0,27900000.0,24,0
42,4100000.0,11100000.0,24,0
39,5400000.0,3600000.0,12,0
22,5200000.0,5600000.0,36,0
68,6400000.0,28400000.0,24,0
21,7900000.0,13700000.0,12,0
37,8200000.0,161000000.0,48,1
29,7200000.0,11200000.0,24,0
42,6600000.0,10900000.0,18,0
59,15900000.0,25500000.0,6,0
54,2900000.0,17600000.0,36,0
46,8400000.0,27700000.0,24,0
54,10400000.0,30000000.0,18,0
57,20700000.0,132500000.0,24,0
55,13500000.0,90900000.0,36,0
26,8900000.0,19900000.0,12,0
47,4200000.0,47200000.0,60,0
58,6300000.0,35900000.0,24,0
41,4900000.0,12500000.0,12,0
40,11800000.0,16300000.0,12,0
41,11900000.0,20100000.0,48,0
33,7600000.0,20300000.0,12,1
36,14100000.0,43600000.0,36,0
34,8400000.0,41900000.0,24,1
43,7300000.0,5200000.0,24,0
39,9100000.0,45700000.0,24,0
37,19800000.0,57500000.0,36,1
44,7800000.0,35700000.0,36,0
30,3500000.0,32200000.0,36,0
32,12300000.0,100700000.0,36,0
22,2500000.0,31400000.0,36,1
45,8800000.0,4800000.0,6,0
51,12600000.0,19400000.0,12,0
21,15400000.0,91300000.0,24,1
37,4700000.0,5200000.0,12,0
70,7200000.0,21200000.0,12,0
45,8900000.0,83300000.0,36,1
50,23200000.0,8300000.0,12,0
54,6900000.0,44800000.0,36,0
44,4900000.0,13100000.0,48,0
22,21700000.0,29500000.0,12,0
46,4900000.0,41900000.0,36,0
39,11500000.0,114800000.0,36,0
22,20800000.0,15500000.0,6,0
45,9700000.0,3400000.0,6,0
21,9900000.0,35800000.0,18,0
30,3800000.0,34400000.0,36,0
21,10200000.0,82500000.0,48,0
32,3500000.0,35000000.0,36,0
39,7600000.0,46300000.0,36,1
34,3700000.0,9600000.0,12,0
48,5000000.0,16200000.0,36,1
38,22900000.0,27100000.0,24,0
26,5200000.0,19100000.0,24,0
52,8900000.0,3200000.0,12,0
51,12400000.0,18700000.0,12,0
32,8100000.0,19700000.0,12,0
53,3700000.0,5600000.0,12,0
31,12700000.0,10900000.0,6,0
45,4500000.0,9700000.0,12,0
29,12000000.0,28100000.0,24,0
50,4500000.0,16100000.0,12,0
50,15300000.0,88200000.0,24,1
30,2700000.0,20600000.0,48,0
43,11800000.0,20300000.0,6,1
58,4900000.0,15400000.0,18,0
32,11100000.0,146800000.0,60,0
27,6200000.0,97300000.0,60,1
43,8700000.0,28400000.0,24,0
39,5000000.0,18200000.0,24,0
38,4700000.0,14700000.0,24,0
21,8900000.0,56200000.0,36,0
60,5800000.0,5400000.0,24,0
39,12500000.0,94600000.0,24,0
51,8900000.0,10600000.0,6,0
52,15000000.0,4400000.0,6,0
25,4800000.0,16900000.0,24,0
23,5300000.0,3000000.0,6,0
21,5000000.0,36500000.0,24,1
57,10000000.0,18900000.0,12,0
22,6600000.0,24900000.0,18,1
50,18500000.0,34500000.0,12,0
23,4600000.0,12800000.0,18,0
23,5000000.0,29900000.0,36,1
39,7300000.0,38600000.0,24,0
34,5600000.0,31400000.0,36,0
36,16300000.0,9300000.0,12,0
49,7200000.0,13100000.0,12,0
40,3700000.0,18900000.0,36,0
51,4400000.0,36800000.0,36,0
55,8800000.0,15800000.0,60,0
43,5800000.0,10000000.0,18,0
36,15400000.0,46300000.0,60,0
37,4600000.0,30400000.0,24,0
64,7000000.0,33000000.0,36,0
46,11200000.0,23700000.0,12,0
21,7700000.0,52400000.0,60,0
52,6900000.0,4200000.0,12,0
30,2800000.0,17700000.0,36,0
48,14300000.0,47200000.0,48,0
36,9200000.0,78400000.0,36,0
33,7100000.0,14900000.0,12,0
25,5900000.0,6400000.0,36,0
31,9100000.0,30400000.0,12,0
59,10700000.0,115000000.0,36,0
57,2600000.0,5700000.0,18,0
47,4100000.0,21600000.0,24,0
44,30500000.0,129200000.0,18,0
21,3200000.0,20500000.0,48,0
34,14000000.0,249000000.0,60,0
39,21200000.0,161400000.0,36,0
50,6500000.0,23200000.0,24,0
54,3300000.0,11100000.0,24,0
42,10100000.0,55700000.0,36,0
42,6400000.0,18300000.0,12,0
44,26100000.0,312500000.0,60,1
27,4000000.0,6100000.0,24,0
47,8900000.0,28200000.0,18,0
22,6200000.0,7400000.0,12,1
50,15000000.0,12400000.0,6,0
43,12200000.0,88400000.0,48,0
43,8900000.0,39000000.0,24,0
43,6000000.0,12400000.0,36,1
41,8000000.0,25700000.0,12,1
36,5000000.0,9900000.0,12,0
33,11300000.0,149600000.0,48,1
21,4200000.0,25100000.0,48,1
68,11700000.0,38400000.0,24,0
22,4800000.0,10200000.0,36,0
30,16400000.0,58900000.0,36,0
48,16400000.0,17300000.0,12,0
28,4200000.0,29700000.0,24,1
32,10000000.0,82800000.0,36,1
42,10600000.0,75800000.0,36,0
36,16400000.0,37200000.0,18,0
33,7600000.0,28000000.0,12,0
23,11500000.0,18500000.0,12,0
48,3800000.0,20100000.0,48,0
21,18500000.0,55400000.0,36,0
31,10500000.0,90400000.0,36,0
36,7700000.0,12500000.0,24,0
54,5900000.0,67100000.0,36,0
39,6900000.0,45500000.0,36,1
45,6000000.0,28000000.0,36,0
33,8500000.0,6100000.0,24,0
37,3700000.0,26300000.0,36,1
30,5000000.0,43900000.0,48,0
24,11500000.0,60200000.0,24,0
34,6100000.0,41700000.0,36,0
22,7800000.0,22500000.0,36,0
44,11800000.0,36600000.0,36,0
21,18100000.0,21100000.0,12,0
25,19100000.0,41400000.0,18,0
39,19400000.0,23900000.0,12,0
40,5600000.0,21200000.0,24,0
27,5600000.0,3800000.0,12,0
43,16100000.0,81500000.0,24,0
37,12200000.0,179800000.0,60,1
36,9700000.0,102800000.0,36,1
55,23600000.0,113600000.0,36,0
45,9100000.0,38700000.0,24,0
39,4400000.0,3000000.0,6,0
34,11000000.0,123600000.0,60,0
21,17100000.0,38400000.0,18,1
38,9800000.0,53400000.0,36,0
27,5900000.0,24600000.0,24,0
40,4900000.0,54400000.0,36,0
41,3600000.0,3000000.0,6,0
47,19500000.0,143700000.0,24,0
23,11100000.0,29000000.0,12,0
35,3800000.0,26500000.0,48,0
38,3000000.0,24200000.0,36,0
32,11300000.0,97300000.0,36,0
35,8400000.0,30100000.0,18,0
46,19600000.0,89100000.0,18,0
27,9100000.0,32700000.0,24,0
32,11800000.0,34300000.0,18,0
40,5800000.0,15500000.0,36,0
48,10900000.0,66400000.0,24,0
21,7200000.0,124700000.0,48,1
40,6000000.0,28400000.0,18,0
50,4600000.0,23500000.0,36,1
22,2900000.0,6900000.0,18,0
49,4300000.0,14800000.0,24,0
32,14600000.0,44500000.0,36,0
46,14100000.0,12500000.0,6,0
36,46500000.0,283500000.0,48,0
62,6100000.0,5800000.0,6,0
34,10500000.0,11500000.0,6,0
42,9700000.0,12900000.0,12,0
48,9400000.0,9300000.0,24,0
21,4600000.0,10900000.0,12,1
30,16100000.0,27000000.0,24,0
39,7300000.0,39300000.0,36,0
21,4800000.0,5200000.0,36,0
26,3800000.0,17000000.0,18,1
38,7000000.0,14400000.0,12,0
44,16000000.0,13800000.0,12,0
43,9200000.0,59600000.0,60,0
38,5100000.0,31700000.0,24,0
46,3800000.0,7500000.0,12,0
60,3400000.0,4300000.0,12,0
37,7700000.0,14500000.0,12,0
40,5300000.0,15200000.0,24,0
33,9000000.0,33500000.0,24,0
53,6300000.0,20900000.0,12,1
60,6000000.0,15300000.0,12,0
33,7300000.0,14600000.0,12,0
26,19100000.0,169600000.0,36,0
42,8900000.0,56100000.0,48,0
35,4700000.0,13200000.0,12,1
55,8400000.0,11400000.0,24,0
36,9800000.0,54300000.0,24,0
47,6900000.0,18300000.0,12,0
42,7500000.0,42300000.0,36,0
45,15200000.0,62100000.0,24,0
23,4000000.0,38200000.0,36,0
21,11600000.0,93800000.0,18,0
21,11000000.0,33000000.0,36,0
39,4600000.0,3000000.0,6,0
37,4000000.0,28600000.0,24,0
49,9400000.0,72400000.0,36,1
45,10400000.0,7500000.0,24,0
54,8000000.0,17500000.0,36,0
52,7200000.0,37400000.0,12,0
21,7300000.0,43100000.0,36,0
44,5900000.0,64600000.0,48,0
38,7400000.0,24800000.0,12,1
30,7800000.0,47900000.0,24,1
31,8100000.0,3200000.0,6,0
29,11100000.0,42400000.0,36,0
35,4800000.0,16500000.0,36,1
47,11900000.0,44500000.0,24,0
49,6300000.0,49600000.0,36,0
47,6100000.0,32200000.0,36,0
51,4500000.0,17200000.0,24,0
32,10100000.0,31200000.0,18,0
37,9600000.0,90500000.0,36,0
37,7200000.0,94700000.0,36,0
29,8100000.0,20300000.0,24,0
30,11500000.0,92500000.0,36,0
36,8500000.0,55700000.0,24,0
42,7100000.0,86900000.0,48,0
21,5200000.0,20100000.0,36,0
21,3300000.0,3400000.0,6,0
46,11700000.0,9800000.0,12,0
41,17200000.0,163200000.0,24,0
53,5500000.0,22600000.0,24,0
36,7900000.0,27600000.0,24,0
34,10500000.0,27300000.0,24,0
47,20400000.0,95000000.0,36,0
38,5200000.0,13500000.0,36,0
37,5800000.0,24500000.0,12,0
42,4800000.0,11100000.0,36,1
42,6100000.0,10100000.0,36,0
45,4300000.0,10600000.0,36,0
29,4300000.0,45200000.0,36,1
44,13000000.0,4500000.0,6,0
29,13100000.0,27500000.0,36,0
50,8300000.0,49500000.0,36,0
48,2500000.0,16300000.0,24,1
36,6100000.0,61700000.0,36,0
39,7600000.0,3000000.0,12,0
32,7100000.0,42500000.0,36,0
43,5000000.0,16800000.0,36,0
39,2500000.0,7600000.0,24,0
34,10000000.0,26300000.0,24,0
45,3300000.0,6400000.0,18,0
29,5200000.0,23500000.0,36,0
37,11800000.0,18000000.0,12,0
43,5500000.0,17400000.0,24,0
48,6700000.0,9500000.0,12,0
37,8500000.0,49300000.0,36,0
45,5700000.0,11100000.0,12,0
39,14400000.0,50900000.0,18,0
49,16100000.0,36400000.0,18,0
32,10700000.0,55500000.0,36,0
42,10700000.0,92700000.0,36,1
27,10700000.0,52000000.0,48,0
34,4300000.0,11800000.0,24,0
40,7900000.0,69600000.0,36,0
40,5200000.0,13400000.0,18,0
33,8000000.0,10300000.0,36,0
36,8000000.0,63000000.0,36,0
23,10400000.0,5700000.0,18,0
43,9800000.0,104900000.0,60,0
51,3100000.0,4200000.0,12,0
34,12200000.0,17300000.0,36,0
31,8500000.0,13000000.0,6,0
47,15400000.0,84800000.0,24,0
40,13100000.0,7400000.0,6,0
40,10500000.0,27000000.0,24,0
54,8700000.0,62200000.0,60,0
40,4600000.0,3300000.0,6,0
55,5500000.0,11200000.0,36,0
53,12200000.0,31900000.0,36,0
38,4400000.0,35200000.0,36,1
47,7800000.0,32100000.0,36,0
45,6400000.0,31700000.0,36,0
59,15600000.0,43800000.0,36,0
50,9600000.0,55700000.0,36,0
45,15600000.0,84200000.0,12,0
46,4800000.0,14900000.0,36,0
41,5200000.0,5800000.0,24,0
46,17100000.0,133800000.0,60,0
43,4800000.0,53300000.0,36,1
21,5400000.0,39800000.0,36,0
31,9200000.0,11400000.0,18,0
39,13500000.0,19400000.0,48,0
54,12900000.0,90200000.0,36,0
46,30300000.0,38200000.0,6,0
51,6900000.0,88600000.0,48,0
53,8200000.0,19800000.0,18,0
54,4500000.0,3000000.0,6,0
46,4300000.0,14000000.0,60,0
29,8400000.0,58700000.0,36,0
52,4400000.0,37100000.0,36,0
59,6600000.0,4300000.0,12,0
47,15200000.0,116300000.0,60,0
51,9200000.0,29700000.0,18,0
52,7700000.0,3500000.0,6,0
27,14800000.0,8100000.0,6,0
21,7600000.0,17000000.0,18,0
41,2500000.0,4900000.0,36,0
50,15200000.0,110400000.0,48,0
45,12900000.0,80000000.0,60,0
24,9800000.0,4200000.0,6,0
27,2600000.0,3100000.0,12,1
21,18100000.0,58500000.0,12,0
36,11100000.0,52800000.0,36,0
43,2800000.0,4200000.0,24,0
44,9100000.0,7600000.0,6,0
33,8000000.0,70800000.0,24,0
49,9000000.0,140800000.0,60,0
27,17600000.0,63100000.0,36,0
36,7900000.0,15000000.0,36,0
43,7500000.0,4900000.0,6,0
46,12200000.0,46600000.0,24,0
38,9400000.0,11400000.0,6,0
26,7700000.0,11500000.0,36,0
29,8800000.0,9500000.0,12,0
37,5800000.0,15000000.0,12,0
25,7800000.0,58300000.0,18,1
21,9700000.0,31300000.0,24,0
45,7900000.0,9500000.0,6,0
26,8700000.0,11500000.0,36,0
39,7200000.0,38400000.0,24,0
40,13800000.0,132400000.0,24,0
51,12700000.0,37400000.0,24,0
39,7300000.0,27800000.0,18,0
58,7400000.0,8600000.0,36,0
32,10000000.0,12600000.0,12,0
32,6500000.0,18700000.0,24,0
42,5500000.0,41700000.0,18,0
51,8700000.0,110400000.0,36,1
41,15400000.0,22200000.0,48,0
30,18600000.0,237700000.0,60,0
32,4900000.0,40700000.0,36,0
39,6900000.0,18500000.0,24,1
21,5400000.0,15100000.0,18,0
44,9400000.0,17600000.0,24,0
40,8400000.0,47500000.0,24,0
35,7100000.0,12200000.0,12,0
50,10300000.0,102300000.0,60,1
39,17400000.0,24900000.0,6,0
28,21000000.0,52300000.0,12,0
38,8300000.0,53200000.0,36,0
41,8600000.0,30300000.0,18,0
46,13000000.0,22600000.0,24,0
24,5800000.0,48500000.0,36,0
36,13100000.0,68000000.0,24,0
33,2700000.0,6600000.0,12,0
44,6300000.0,9100000.0,18,0
32,8000000.0,43100000.0,12,1
49,11000000.0,99600000.0,48,0
40,2500000.0,6500000.0,12,1
30,39900000.0,237200000.0,24,0
25,5300000.0,15600000.0,36,1
21,11400000.0,80100000.0,24,0
32,4800000.0,15400000.0,24,0
41,4400000.0,42900000.0,36,0
37,2900000.0,16400000.0,36,0
42,6500000.0,6300000.0,18,0
25,12800000.0,5700000.0,6,0
40,11700000.0,9900000.0,12,0
41,10500000.0,42300000.0,12,0
59,4300000.0,21000000.0,48,0
30,3600000.0,12000000.0,12,1
23,8500000.0,66200000.0,36,0
21,2900000.0,6100000.0,18,0
48,27100000.0,60300000.0,18,0
52,14300000.0,100800000.0,36,0
43,29000000.0,159900000.0,36,0
49,18500000.0,76300000.0,24,0
37,6100000.0,12900000.0,18,0
34,17600000.0,93100000.0,36,0
28,4600000.0,56600000.0,48,1
21,19200000.0,80600000.0,48,0
42,5300000.0,22300000.0,24,0
47,4500000.0,16200000.0,24,0
41,7200000.0,30700000.0,48,0
30,2600000.0,41300000.0,60,1
63,4900000.0,7500000.0,18,0
43,5900000.0,28700000.0,36,0
38,3700000.0,7800000.0,18,0
45,6100000.0,57500000.0,48,0
30,13700000.0,59300000.0,36,0
55,4900000.0,22400000.0,24,0
42,5800000.0,24200000.0,18,0
40,7700000.0,21300000.0,36,1
27,5600000.0,23900000.0,36,1
21,8300000.0,84400000.0,36,1
24,12100000.0,20200000.0,12,0
37,4400000.0,8200000.0,24,0
38,7200000.0,23700000.0,24,0
42,12800000.0,21700000.0,12,0
40,18900000.0,84900000.0,36,0
36,5000000.0,30200000.0,36,0
40,9300000.0,41100000.0,24,0
32,6300000.0,19900000.0,18,0
44,10300000.0,86900000.0,24,1
29,3200000.0,14300000.0,24,0
27,14000000.0,163000000.0,36,0
29,4400000.0,6300000.0,12,0
46,12200000.0,4400000.0,12,0
42,3300000.0,16900000.0,36,0
21,4900000.0,4800000.0,12,0
33,4600000.0,27700000.0,36,0
53,9600000.0,11500000.0,24,0
42,5700000.0,33600000.0,36,1
48,3300000.0,3000000.0,6,0
34,7500000.0,40000000.0,36,0
40,17700000.0,132600000.0,36,0
22,19600000.0,102600000.0,12,1
32,7400000.0,40800000.0,36,0
29,7500000.0,28500000.0,18,1
50,8500000.0,106000000.0,36,0
32,6200000.0,8900000.0,24,0
47,5600000.0,34800000.0,24,0
33,3000000.0,24500000.0,48,0
40,8400000.0,12300000.0,6,0
53,18000000.0,72000000.0,24,0
52,4300000.0,30800000.0,24,0
50,8600000.0,37200000.0,18,0
21,17300000.0,23500000.0,24,0
38,10000000.0,112500000.0,36,1
28,18400000.0,28200000.0,36,0
36,4500000.0,5200000.0,36,0
31,13200000.0,25200000.0,12,0
51,6600000.0,39600000.0,24,0
50,6700000.0,63200000.0,36,1
35,5700000.0,9600000.0,12,0
40,7500000.0,27700000.0,24,0
50,16600000.0,25600000.0,12,0
44,6900000.0,76200000.0,36,1
55,20600000.0,100400000.0,48,0
27,20000000.0,69500000.0,12,1
23,7700000.0,41100000.0,24,0
37,7600000.0,77500000.0,36,0
32,6400000.0,10200000.0,12,0
49,9800000.0,9500000.0,6,0
37,8900000.0,64600000.0,36,0
46,4000000.0,10600000.0,18,0
28,6900000.0,10600000.0,12,0
21,12700000.0,72700000.0,36,0
29,3000000.0,9800000.0,36,0
43,21300000.0,213200000.0,36,0
46,27900000.0,25600000.0,12,0
58,5100000.0,8100000.0,12,0
49,11400000.0,22800000.0,24,0
50,6800000.0,34200000.0,12,0
28,10600000.0,3000000.0,6,0
23,3600000.0,4000000.0,6,0
26,6300000.0,94200000.0,60,0
38,21300000.0,153600000.0,24,0
21,3200000.0,48400000.0,36,1
31,2800000.0,8200000.0,12,1
43,6800000.0,11100000.0,36,0
59,11300000.0,48600000.0,24,0
34,7000000.0,14200000.0,12,0
34,6600000.0,37900000.0,60,0
31,24100000.0,161400000.0,36,0
35,7800000.0,5200000.0,12,0
32,15400000.0,95800000.0,36,0
47,8900000.0,65600000.0,36,0
37,26500000.0,45900000.0,12,0
52,3800000.0,10300000.0,24,0
38,6700000.0,48200000.0,36,0
36,11700000.0,164900000.0,48,0
21,3000000.0,25200000.0,24,1
21,42300000.0,22800000.0,18,0
36,4400000.0,18000000.0,12,1
23,7000000.0,4100000.0,6,0
39,10900000.0,12800000.0,24,0
49,5300000.0,7400000.0,12,0
21,5700000.0,25800000.0,24,0
42,10800000.0,16700000.0,18,0
29,5500000.0,25600000.0,24,0
47,12600000.0,39500000.0,36,0
29,19100000.0,11400000.0,12,0
54,4300000.0,14700000.0,48,0
33,15400000.0,109600000.0,36,0
38,8400000.0,59900000.0,24,0
33,11100000.0,45800000.0,18,0
22,9600000.0,13000000.0,24,0
42,10300000.0,25500000.0,12,0
46,3600000.0,3900000.0,12,0
34,20300000.0,31800000.0,12,0
66,4300000.0,56100000.0,48,1
48,10200000.0,29500000.0,24,0
22,15800000.0,45100000.0,36,0
47,4500000.0,16800000.0,24,0
32,10800000.0,10200000.0,24,0
36,5500000.0,3000000.0,6,0
41,7800000.0,84600000.0,48,0
41,7700000.0,34800000.0,36,0
56,8900000.0,96600000.0,60,0
40,7600000.0,37100000.0,24,0
21,8400000.0,31800000.0,48,0
57,16200000.0,203000000.0,48,0
28,23800000.0,132000000.0,24,0
61,4900000.0,6700000.0,18,0
28,3100000.0,7600000.0,24,0
24,12500000.0,28400000.0,36,0
46,2500000.0,16900000.0,48,0
44,8800000.0,32800000.0,18,1
28,5600000.0,4200000.0,12,0
23,9300000.0,6700000.0,12,0
35,18500000.0,76600000.0,24,0
27,13900000.0,153500000.0,48,0
43,6700000.0,14100000.0,12,0
36,5800000.0,7100000.0,12,0
41,9400000.0,19000000.0,24,0
28,7700000.0,24400000.0,18,0
26,22000000.0,126400000.0,36,0
23,6100000.0,29600000.0,24,0
38,5000000.0,34800000.0,48,0
58,6400000.0,17600000.0,60,0
35,8100000.0,86900000.0,36,0
38,25200000.0,148800000.0,60,0
32,6100000.0,37100000.0,60,0
42,8400000.0,24100000.0,24,0
37,12200000.0,60800000.0,24,0
38,10800000.0,25100000.0,24,0
21,5200000.0,6500000.0,12,0
45,5500000.0,32500000.0,24,0
38,6900000.0,16900000.0,12,0
28,7000000.0,45400000.0,48,0
44,8600000.0,6800000.0,6,0
23,12300000.0,19100000.0,18,0
58,10400000.0,38000000.0,18,0
27,9400000.0,66300000.0,48,0
35,6600000.0,22200000.0,24,0
39,16100000.0,37000000.0,12,0
35,19200000.0,65000000.0,24,0
21,5300000.0,36000000.0,48,0
21,2500000.0,6000000.0,36,0
35,11100000.0,91800000.0,36,0
21,4400000.0,55400000.0,48,0
35,15500000.0,14500000.0,24,0
40,3800000.0,12200000.0,12,0
35,12100000.0,4400000.0,12,0
21,15600000.0,7000000.0,6,0
39,24600000.0,97700000.0,24,0
50,4400000.0,24400000.0,36,0
38,9200000.0,69500000.0,36,0
21,7700000.0,52200000.0,24,0
42,11200000.0,91300000.0,48,0
45,10000000.0,92400000.0,36,1
48,11600000.0,148300000.0,60,0
42,9400000.0,15300000.0,24,0
42,16300000.0,6700000.0,12,0
49,8200000.0,44100000.0,24,1
36,9100000.0,22900000.0,18,0
46,9700000.0,23000000.0,18,0
55,10100000.0,35000000.0,60,0
44,2500000.0,14800000.0,36,0
42,7200000.0,10000000.0,6,1
43,5000000.0,45400000.0,36,0
30,4800000.0,34700000.0,36,0
35,18300000.0,68600000.0,36,0
23,6600000.0,5200000.0,12,0
25,10900000.0,59900000.0,18,0
21,2600000.0,3000000.0,36,0
48,8300000.0,16800000.0,12,0
34,8100000.0,16300000.0,24,0
31,6700000.0,18500000.0,18,1
45,14700000.0,63500000.0,18,0
48,4400000.0,3000000.0,6,0
31,13400000.0,18200000.0,12,0
48,4900000.0,44800000.0,60,0
42,9100000.0,67200000.0,48,0
23,11400000.0,86800000.0,36,0
45,8000000.0,19400000.0,36,0
32,8400000.0,14200000.0,12,0
48,4000000.0,5600000.0,12,1
32,13600000.0,21000000.0,12,0
43,19600000.0,100900000.0,36,0
53,9900000.0,41600000.0,36,0
21,12100000.0,33100000.0,24,0
50,6400000.0,54600000.0,24,0
43,6600000.0,19900000.0,24,0
47,5700000.0,3100000.0,18,0
35,5500000.0,13500000.0,12,0
38,9000000.0,3000000.0,6,0
53,12700000.0,47900000.0,12,0
22,6100000.0,42500000.0,36,0
37,23100000.0,164600000.0,18,0
57,12100000.0,74800000.0,36,0
40,7300000.0,27600000.0,24,0
37,3500000.0,14100000.0,18,0
32,8900000.0,40100000.0,24,0
38,16700000.0,262100000.0,36,0
36,9300000.0,5900000.0,6,0
21,4000000.0,6600000.0,18,0
26,5300000.0,4500000.0,6,0
31,3800000.0,35800000.0,48,1
33,5700000.0,14600000.0,36,0
53,6900000.0,13400000.0,24,0
55,6500000.0,5900000.0,12,0
21,11600000.0,31600000.0,24,0
36,6300000.0,84900000.0,36,1
31,11000000.0,26000000.0,36,0
46,9500000.0,27500000.0,24,0
46,8800000.0,7400000.0,6,0
36,5100000.0,20100000.0,12,0
53,8600000.0,11000000.0,12,0
36,8700000.0,6200000.0,6,0
33,8200000.0,22400000.0,24,0
28,16300000.0,40300000.0,12,1
45,10600000.0,9900000.0,12,0
30,4300000.0,3700000.0,12,0
38,6600000.0,10100000.0,12,0
39,7100000.0,8100000.0,36,0
24,6300000.0,38600000.0,24,0
29,9200000.0,8900000.0,6,0
47,5600000.0,25000000.0,18,0
43,16400000.0,39400000.0,18,0
29,30300000.0,98600000.0,24,0
31,5500000.0,29200000.0,24,0
48,5700000.0,42900000.0,24,0
36,19100000.0,64800000.0,12,0
21,11300000.0,82300000.0,36,0
39,14700000.0,28100000.0,24,0
34,20700000.0,169400000.0,24,0
37,21700000.0,78900000.0,12,0
30,6700000.0,3800000.0,6,0
42,4200000.0,49000000.0,36,1
21,21700000.0,83200000.0,48,0
58,5000000.0,33600000.0,36,0
31,14600000.0,39900000.0,36,0
36,9500000.0,33900000.0,36,0
36,7000000.0,35100000.0,36,0
25,16800000.0,80200000.0,24,0
23,14500000.0,38100000.0,18,0
53,6000000.0,3200000.0,18,0
26,9200000.0,9500000.0,6,0
39,6400000.0,9600000.0,12,0
45,6800000.0,10700000.0,12,0
33,7400000.0,13000000.0,36,0
37,4900000.0,43600000.0,36,1
25,8600000.0,54300000.0,24,0
22,3700000.0,10200000.0,24,0
23,5400000.0,3900000.0,24,0
27,6600000.0,26100000.0,48,0
62,15300000.0,55500000.0,18,0
37,5100000.0,43700000.0,60,0
32,13300000.0,8200000.0,12,0
32,2500000.0,7700000.0,24,0
38,20700000.0,110500000.0,24,0
54,20900000.0,18700000.0,24,0
27,5300000.0,10800000.0,12,0
36,7600000.0,20300000.0,12,0
34,16200000.0,22200000.0,18,0
51,6700000.0,48700000.0,60,0
27,9800000.0,60600000.0,24,0
46,9500000.0,62600000.0,36,0
22,6900000.0,18800000.0,12,0
31,10000000.0,24200000.0,24,0
34,10800000.0,39600000.0,36,0
30,7800000.0,57600000.0,36,0
21,5300000.0,9100000.0,24,0
40,4700000.0,3000000.0,12,1
35,15600000.0,27800000.0,24,0
21,14400000.0,18100000.0,12,0
47,6300000.0,48300000.0,36,0
49,6900000.0,62300000.0,36,0
33,4800000.0,17000000.0,24,0
32,4100000.0,12600000.0,24,0
33,3200000.0,18500000.0,24,1
42,17900000.0,42500000.0,24,0
37,8700000.0,105300000.0,36,1
50,3300000.0,5600000.0,18,0
43,10500000.0,9700000.0,12,0
33,6700000.0,44100000.0,24,1
54,8700000.0,14200000.0,24,0
33,17200000.0,12100000.0,18,0
24,10700000.0,122400000.0,36,1
59,8600000.0,16600000.0,18,0
21,5500000.0,17100000.0,18,0
55,11700000.0,15100000.0,12,0
46,18600000.0,91700000.0,24,0
38,3300000.0,11100000.0,36,0
22,5700000.0,50300000.0,36,1
32,6000000.0,12600000.0,12,0
50,5800000.0,69700000.0,36,1
42,7900000.0,21000000.0,12,0
52,12500000.0,37700000.0,18,0
49,15500000.0,13900000.0,12,0
33,11900000.0,19200000.0,24,0
35,13400000.0,27300000.0,12,0
30,24400000.0,86500000.0,24,0
43,16500000.0,46900000.0,24,0
46,7400000.0,54600000.0,36,0
43,5500000.0,37800000.0,24,0
33,6200000.0,3000000.0,6,0
44,14200000.0,130900000.0,36,0
66,12500000.0,38400000.0,24,0
22,4100000.0,22500000.0,48,0
56,8900000.0,16900000.0,36,0
21,4300000.0,54700000.0,60,0
50,19200000.0,24400000.0,12,0
45,3700000.0,30400000.0,48,0
27,2700000.0,5200000.0,6,1
39,5700000.0,9000000.0,18,0
33,6700000.0,3900000.0,6,0
29,11500000.0,31200000.0,36,0
21,13700000.0,17500000.0,12,0
32,4000000.0,25700000.0,36,1
64,10800000.0,62500000.0,36,0
44,7900000.0,10100000.0,6,1
24,2500000.0,5900000.0,12,0
33,5100000.0,26500000.0,36,0
43,22700000.0,49000000.0,48,0
34,5500000.0,36000000.0,36,1
26,4900000.0,9200000.0,12,0
33,14700000.0,38300000.0,18,0
21,21700000.0,11700000.0,18,0
59,3800000.0,10200000.0,12,0
31,5200000.0,17100000.0,36,0
37,7000000.0,8500000.0,12,0
37,13900000.0,10600000.0,12,0
47,14500000.0,190800000.0,48,0
50,5200000.0,9200000.0,12,0
24,8300000.0,77700000.0,36,0
38,5300000.0,15200000.0,36,0
48,2500000.0,8300000.0,24,0
41,3200000.0,8200000.0,36,0
23,7000000.0,63300000.0,24,0
49,7100000.0,47700000.0,36,1
33,23700000.0,196600000.0,48,0
29,4900000.0,7300000.0,24,0
24,11900000.0,156100000.0,48,1
44,15200000.0,40100000.0,24,0
42,8100000.0,19200000.0,24,0
39,24800000.0,107500000.0,36,0
32,14100000.0,27800000.0,48,0
33,11200000.0,57000000.0,36,0
21,5800000.0,22800000.0,48,0
46,3100000.0,5600000.0,12,0
42,14300000.0,21000000.0,24,0
41,5900000.0,14600000.0,12,0
21,18800000.0,177300000.0,48,1
44,14700000.0,72400000.0,24,0
41,4000000.0,20700000.0,24,0
32,9100000.0,10300000.0,6,0
44,8900000.0,27600000.0,24,0
25,6400000.0,30100000.0,24,0
51,2700000.0,13500000.0,24,0
58,4700000.0,12400000.0,36,0
46,11600000.0,20000000.0,12,1
48,2500000.0,4600000.0,12,0
35,7500000.0,50800000.0,24,0
31,6700000.0,8100000.0,12,0
40,6200000.0,69800000.0,60,0
31,5500000.0,7400000.0,6,0
51,10300000.0,80200000.0,48,0
43,17400000.0,29300000.0,36,0
53,6900000.0,34800000.0,36,0
50,5700000.0,12600000.0,24,0
56,18200000.0,124100000.0,36,0
37,5400000.0,32000000.0,36,0
42,13000000.0,45900000.0,24,0
29,2500000.0,3700000.0,36,0
29,19600000.0,64800000.0,12,0
44,9200000.0,48300000.0,36,0
36,5900000.0,18900000.0,18,0
48,6100000.0,19000000.0,12,1
45,11600000.0,22500000.0,48,0
36,8200000.0,14200000.0,24,0
21,3600000.0,3900000.0,36,0
21,5000000.0,3000000.0,6,0
46,4500000.0,44700000.0,60,0
27,13200000.0,40200000.0,12,0
26,4600000.0,55700000.0,36,1
53,2500000.0,4600000.0,6,0
23,7200000.0,6300000.0,12,0
38,6500000.0,40000000.0,36,0
57,9800000.0,27100000.0,48,0
43,8100000.0,15300000.0,36,0
52,10300000.0,24700000.0,18,1
38,9000000.0,30700000.0,24,0
61,5400000.0,4800000.0,6,0
21,18800000.0,35700000.0,36,0
48,16300000.0,21600000.0,6,0
24,5800000.0,18400000.0,36,0
39,3600000.0,15000000.0,24,0
35,31300000.0,70400000.0,6,0
26,4300000.0,3000000.0,12,0
45,4500000.0,7800000.0,24,0
23,16600000.0,26700000.0,24,0
70,16800000.0,52300000.0,12,0
48,16200000.0,131600000.0,36,1
69,5200000.0,24800000.0,36,0
44,10500000.0,56800000.0,24,0
41,4600000.0,19200000.0,24,0
35,7500000.0,9700000.0,6,0
61,11000000.0,39600000.0,18,0
21,4700000.0,12500000.0,12,0
45,13100000.0,28100000.0,18,0
32,4200000.0,3100000.0,6,0
49,11000000.0,26900000.0,36,0
54,14000000.0,35700000.0,12,0
41,19700000.0,57200000.0,60,0
37,15700000.0,27900000.0,36,0
39,5700000.0,17500000.0,36,0
36,5600000.0,33000000.0,36,0
55,6200000.0,9400000.0,12,0
39,7700000.0,47000000.0,24,0
34,13700000.0,134400000.0,36,0
44,14600000.0,58500000.0,36,0
29,5700000.0,19800000.0,36,0
36,10000000.0,52200000.0,36,0
21,8000000.0,20100000.0,24,0
35,5700000.0,10600000.0,6,1
44,12400000.0,26000000.0,12,0
48,10700000.0,68000000.0,36,0
44,9100000.0,29400000.0,48,0
25,5500000.0,12500000.0,24,0
44,20100000.0,50000000.0,36,0
38,6800000.0,27800000.0,12,0
43,15500000.0,270100000.0,48,0
49,6000000.0,79100000.0,60,0
34,5000000.0,3000000.0,6,0
41,7900000.0,3000000.0,6,0
45,8900000.0,76500000.0,36,0
26,15900000.0,21800000.0,12,0
47,12800000.0,56200000.0,24,0
30,10000000.0,17900000.0,60,0
34,3900000.0,3000000.0,18,0
40,7800000.0,16800000.0,12,0
36,5900000.0,3000000.0,12,0
26,5200000.0,34700000.0,48,0
54,6600000.0,22200000.0,12,0
36,27200000.0,210900000.0,24,0
21,11700000.0,86000000.0,36,0
21,8800000.0,59400000.0,24,0
40,6900000.0,30200000.0,24,0
38,5200000.0,8600000.0,6,0
43,4000000.0,18900000.0,18,0
21,14400000.0,36800000.0,12,1
24,4200000.0,3000000.0,18,0
25,11500000.0,20300000.0,6,0
31,10700000.0,29900000.0,12,0
30,5800000.0,22200000.0,24,0
31,13300000.0,20400000.0,12,0
45,13800000.0,113100000.0,36,0
43,5800000.0,32200000.0,24,0
43,11200000.0,45800000.0,24,0
40,12800000.0,9200000.0,24,0
30,6000000.0,81500000.0,36,0
43,27100000.0,30500000.0,12,0
34,7300000.0,48400000.0,24,1
36,2500000.0,3000000.0,12,0
28,17700000.0,27700000.0,18,0
53,5200000.0,79700000.0,36,1
26,12500000.0,23300000.0,24,0
52,10800000.0,25900000.0,48,0
39,14600000.0,13500000.0,12,0
36,14100000.0,97700000.0,24,1
34,8300000.0,29200000.0,18,0
28,8300000.0,25700000.0,12,0
46,11500000.0,4100000.0,12,0
26,3400000.0,4100000.0,6,0
40,12800000.0,46200000.0,36,0
44,8600000.0,50400000.0,24,1
49,8000000.0,21800000.0,36,0
52,11100000.0,11900000.0,36,0
58,6100000.0,11900000.0,18,0
43,6800000.0,64000000.0,36,0
33,7000000.0,95600000.0,36,0
50,4000000.0,8000000.0,12,0
34,3700000.0,13300000.0,48,0
35,2500000.0,6000000.0,18,1
31,9600000.0,30900000.0,36,0
33,3500000.0,14300000.0,36,0
44,6000000.0,24500000.0,24,0
41,9400000.0,25200000.0,36,0
36,11200000.0,29600000.0,12,0
48,7600000.0,49200000.0,36,0
39,5600000.0,25700000.0,48,0
23,12200000.0,22600000.0,24,0
44,4600000.0,34100000.0,36,1
30,4700000.0,11200000.0,12,0
35,3900000.0,19300000.0,36,1
28,14000000.0,27400000.0,24,0
40,14200000.0,141900000.0,60,0
21,12200000.0,45400000.0,24,0
46,23400000.0,212000000.0,48,0
41,3800000.0,29200000.0,24,1
53,7800000.0,21300000.0,24,0
40,14000000.0,98600000.0,36,0
45,7100000.0,3000000.0,6,0
49,6000000.0,13100000.0,24,0
63,2800000.0,3000000.0,24,0
30,9900000.0,15100000.0,6,1
34,6600000.0,3000000.0,6,0
50,10600000.0,36800000.0,18,0
34,7100000.0,6400000.0,6,0
36,13600000.0,157000000.0,36,0
58,12300000.0,15000000.0,12,0
28,3800000.0,31500000.0,36,0
50,15900000.0,175900000.0,36,0
54,4400000.0,3900000.0,24,0
52,3800000.0,8500000.0,36,0
37,26400000.0,101800000.0,18,0
35,2700000.0,3700000.0,24,0
43,10200000.0,43000000.0,18,0
43,8100000.0,44800000.0,36,0
30,4600000.0,16300000.0,24,0
30,14200000.0,78900000.0,36,0
35,15600000.0,61400000.0,60,0
28,14100000.0,22200000.0,36,0
54,4700000.0,45400000.0,24,1
21,3500000.0,14900000.0,24,0
32,9700000.0,25900000.0,12,1
34,15200000.0,23100000.0,36,0
49,3200000.0,4400000.0,6,0
31,3600000.0,3600000.0,18,1
37,19000000.0,27300000.0,48,0
22,8100000.0,57200000.0,36,1
45,4000000.0,13900000.0,24,0
36,5600000.0,30500000.0,24,1
29,5900000.0,45800000.0,48,1
36,27700000.0,106500000.0,24,0
27,10000000.0,26600000.0,12,0
36,7800000.0,5700000.0,12,0
46,6600000.0,8900000.0,6,0
30,12200000.0,10900000.0,18,0
54,8000000.0,57300000.0,36,0
32,2500000.0,22100000.0,24,1
38,5500000.0,13100000.0,12,0
31,6900000.0,27100000.0,24,0
37,9200000.0,46900000.0,36,0
49,10000000.0,73200000.0,24,0
34,12100000.0,27300000.0,24,0
35,6200000.0,25600000.0,24,0
48,3000000.0,13400000.0,36,0
35,11600000.0,35500000.0,24,0
41,17800000.0,110100000.0,36,0
37,3900000.0,20200000.0,24,0
21,10600000.0,6500000.0,12,0
48,4800000.0,41700000.0,24,1
32,22000000.0,164500000.0,24,0
44,4500000.0,6800000.0,6,1
43,7800000.0,9000000.0,36,0
43,3600000.0,12900000.0,24,0
26,3900000.0,34800000.0,48,1
42,9500000.0,10300000.0,36,0
38,9400000.0,38300000.0,18,0
34,4700000.0,21100000.0,24,0
47,15000000.0,121400000.0,36,0
38,11300000.0,73000000.0,60,0
34,16200000.0,13800000.0,6,0
28,6000000.0,64700000.0,36,0
31,10200000.0,35100000.0,36,0
41,22100000.0,62800000.0,24,0
38,9300000.0,18900000.0,12,1
42,5300000.0,43300000.0,48,0
24,5000000.0,23200000.0,48,0
29,10600000.0,86200000.0,36,1
35,7000000.0,31300000.0,24,0
30,5900000.0,7700000.0,18,0
60,10000000.0,33900000.0,36,0
34,6000000.0,11400000.0,12,0
31,18900000.0,56100000.0,24,0
52,28800000.0,82300000.0,12,0
37,12200000.0,14900000.0,18,0
54,5500000.0,9300000.0,24,0
33,4600000.0,21600000.0,24,0
51,4500000.0,32800000.0,60,0
34,9500000.0,5100000.0,18,0
54,5500000.0,11300000.0,12,0
54,10100000.0,98500000.0,36,0
44,34000000.0,122400000.0,12,0
34,2900000.0,5000000.0,24,0
44,5500000.0,47000000.0,36,1
42,10100000.0,12300000.0,6,0
44,7700000.0,18000000.0,24,0
42,6700000.0,31600000.0,36,0
30,9400000.0,16400000.0,24,0
32,5000000.0,29200000.0,36,0
32,6900000.0,37100000.0,36,0
47,9300000.0,30800000.0,24,0
43,9100000.0,21200000.0,36,0
45,3100000.0,37700000.0,36,0
39,6700000.0,30900000.0,24,0
44,8400000.0,81600000.0,36,1
30,20500000.0,141000000.0,36,0
26,7200000.0,31500000.0,48,0
29,7700000.0,6500000.0,24,0
35,9400000.0,3400000.0,12,0
37,3800000.0,39500000.0,48,0
22,9000000.0,46100000.0,36,0
27,16100000.0,74200000.0,24,0
32,14100000.0,52900000.0,18,0
43,31300000.0,272800000.0,36,0
34,3900000.0,50300000.0,36,0
52,12200000.0,30200000.0,36,0
34,4800000.0,3700000.0,12,0
24,2800000.0,7600000.0,36,0
38,8800000.0,6400000.0,24,0
21,8600000.0,19200000.0,12,0
21,5300000.0,21900000.0,60,0
45,9000000.0,109100000.0,36,0
21,3200000.0,5300000.0,24,0
38,2600000.0,15600000.0,36,0
41,7400000.0,43500000.0,48,0
21,8100000.0,44700000.0,36,0
51,3400000.0,12300000.0,36,0
33,9900000.0,34400000.0,24,0
54,10700000.0,18300000.0,12,0
26,12100000.0,96300000.0,48,0
50,12200000.0,81800000.0,36,0
21,15000000.0,67300000.0,18,0
40,9400000.0,15300000.0,24,0
51,8000000.0,5700000.0,24,0
50,4300000.0,5900000.0,36,0
52,9000000.0,5100000.0,12,0
43,4800000.0,3900000.0,12,0
21,4700000.0,31100000.0,60,0
31,5200000.0,34700000.0,24,0
29,15500000.0,28600000.0,12,0
21,16300000.0,159700000.0,36,0
41,4800000.0,34200000.0,36,0
45,6200000.0,3000000.0,6,0
51,30500000.0,102400000.0,12,0
36,6900000.0,6700000.0,6,0
26,17800000.0,30700000.0,12,0
33,17200000.0,17000000.0,24,0
38,7100000.0,123600000.0,60,0
27,5300000.0,13600000.0,36,0
46,5500000.0,36400000.0,18,0
50,4700000.0,11500000.0,36,0
21,16500000.0,31500000.0,6,0
50,12700000.0,21000000.0,12,0
39,9400000.0,37900000.0,24,0
32,11500000.0,54200000.0,24,0
35,5200000.0,24200000.0,24,0
37,9000000.0,6400000.0,24,0
46,14600000.0,42400000.0,18,0
35,12000000.0,73600000.0,18,0
39,6300000.0,40900000.0,24,0
39,7400000.0,41800000.0,24,0
41,9500000.0,23400000.0,24,0
54,6700000.0,16200000.0,18,0
35,9700000.0,46400000.0,36,0
33,8100000.0,46600000.0,24,1
55,4800000.0,17200000.0,18,0
39,20100000.0,14500000.0,24,0
35,5400000.0,10600000.0,18,0
26,8600000.0,3000000.0,6,0
43,11200000.0,15300000.0,12,0
34,6800000.0,51000000.0,36,0
28,15300000.0,8300000.0,12,0
33,4100000.0,6000000.0,18,0
52,10300000.0,57000000.0,36,0
28,6500000.0,12700000.0,24,0
56,7100000.0,14700000.0,12,0
21,7100000.0,60700000.0,60,0
50,6000000.0,21300000.0,36,0
21,16200000.0,158600000.0,60,0
53,9600000.0,35500000.0,24,0
43,5300000.0,11500000.0,36,0
53,16600000.0,23000000.0,36,0
37,4300000.0,11100000.0,24,0
24,9900000.0,18000000.0,6,0
44,11500000.0,39500000.0,36,0
46,11000000.0,28600000.0,36,0
37,4000000.0,9800000.0,48,0
27,8900000.0,38200000.0,36,0
42,6700000.0,17400000.0,12,0
40,16200000.0,26600000.0,24,0
21,10000000.0,21000000.0,12,0
41,6300000.0,56700000.0,48,0
28,8300000.0,32600000.0,24,0
25,3800000.0,38700000.0,36,1
36,3000000.0,6700000.0,36,0
38,8400000.0,10200000.0,36,0
61,2700000.0,3300000.0,12,0
55,8000000.0,25700000.0,24,0
46,8400000.0,27000000.0,36,0
30,10700000.0,54400000.0,36,0
61,7100000.0,17100000.0,60,0
32,2700000.0,27200000.0,36,0
31,6400000.0,21900000.0,12,0
49,19500000.0,237400000.0,60,0
30,12100000.0,38400000.0,24,0
48,8600000.0,37900000.0,24,0
52,23100000.0,40200000.0,12,0
21,4800000.0,32200000.0,36,0
56,6200000.0,19900000.0,24,0
43,8800000.0,124000000.0,60,0
27,10700000.0,26000000.0,12,1
32,10600000.0,27300000.0,24,1
51,21000000.0,33000000.0,36,0
47,10700000.0,26900000.0,24,0
21,7600000.0,23000000.0,12,1
30,5100000.0,7300000.0,48,0
37,22500000.0,221000000.0,48,1
42,28800000.0,80400000.0,12,0
45,4300000.0,11700000.0,36,0
25,13100000.0,38800000.0,18,0
44,11700000.0,44900000.0,24,0
51,2500000.0,14200000.0,36,0
38,20900000.0,80700000.0,36,0
37,19100000.0,26500000.0,12,0
35,12800000.0,44900000.0,24,0
32,6300000.0,19200000.0,18,0
31,6600000.0,11600000.0,12,0
36,9300000.0,5200000.0,12,0
40,8900000.0,26800000.0,12,0
43,10700000.0,41300000.0,36,0
32,6900000.0,21800000.0,24,0
32,3000000.0,3500000.0,12,0
35,2900000.0,7500000.0,18,1
39,4200000.0,24600000.0,24,0
37,7500000.0,78500000.0,48,0
49,9900000.0,28500000.0,12,0
32,8200000.0,24600000.0,12,0
31,9000000.0,10400000.0,24,0
25,8000000.0,63200000.0,60,1
38,7300000.0,58000000.0,60,0
41,12500000.0,73400000.0,24,0
43,20000000.0,185000000.0,24,0
52,6300000.0,41800000.0,24,0
27,6600000.0,6600000.0,12,0
32,8400000.0,16400000.0,12,0
34,13300000.0,15100000.0,24,0
31,8100000.0,7900000.0,12,0
37,9700000.0,17000000.0,12,0
23,6200000.0,20500000.0,24,0
41,8400000.0,23500000.0,24,0
29,10100000.0,73900000.0,24,0
23,10600000.0,8700000.0,6,0
37,8800000.0,10300000.0,24,0
36,4100000.0,4200000.0,6,0
40,8300000.0,26300000.0,24,0
21,3800000.0,7200000.0,24,0
41,10600000.0,30700000.0,18,1
33,6500000.0,30900000.0,24,0
25,6800000.0,7200000.0,6,0
23,9600000.0,37800000.0,36,0
47,6700000.0,19100000.0,36,0
22,13600000.0,154300000.0,36,1
25,11100000.0,61600000.0,36,0
27,7900000.0,38900000.0,18,0
27,23200000.0,69000000.0,24,0
54,5200000.0,18700000.0,12,0
43,14300000.0,58100000.0,48,0
45,3900000.0,28500000.0,24,0
29,4700000.0,6800000.0,12,0
44,6100000.0,5400000.0,12,0
45,19500000.0,75500000.0,36,0
41,7100000.0,4100000.0,6,0
36,20100000.0,141200000.0,36,0
53,6600000.0,10600000.0,36,0
40,11800000.0,7200000.0,6,0
38,3400000.0,27800000.0,36,0
33,10500000.0,73500000.0,24,0
37,17900000.0,87200000.0,24,0
59,3600000.0,22200000.0,24,1
53,4300000.0,23200000.0,36,0
21,16400000.0,49400000.0,18,0
50,2600000.0,7500000.0,18,0
36,3700000.0,17400000.0,18,0
41,8300000.0,9600000.0,36,0
39,4700000.0,26500000.0,36,0
29,10500000.0,8300000.0,12,0
47,6300000.0,5500000.0,6,0
37,8200000.0,81400000.0,48,1
37,6300000.0,89100000.0,48,1
25,30500000.0,45000000.0,12,0
25,7300000.0,11900000.0,12,0
56,8500000.0,36000000.0,24,0
46,31700000.0,81300000.0,36,0
37,9300000.0,15000000.0,36,0
21,4100000.0,14400000.0,36,1
53,14900000.0,52100000.0,12,0
36,7500000.0,12600000.0,12,0
43,10900000.0,14500000.0,18,0
41,17300000.0,179700000.0,36,0
25,7400000.0,105900000.0,60,1
37,12300000.0,13400000.0,18,0
46,6700000.0,42900000.0,36,0
47,10000000.0,102300000.0,36,0
58,5400000.0,3700000.0,6,0
59,15100000.0,13500000.0,6,0
34,10600000.0,128600000.0,36,0
